start,end,ema,ma,sigma,max,min,up,down,flat
1997-12-31,1998-01-06,431.044,431.044,5.425,438.481,424.969,2,1,1
1998-01-07,1998-01-13,424.448,424.448,11.331,439.154,408.728,1,3,0
1998-01-14,1998-01-20,422.315,422.315,6.195,430.791,414.834,3,1,0
1998-01-21,1998-01-27,424.879,424.879,2.676,428.284,422.025,2,2,0
1998-01-28,1998-02-03,446.122,446.122,5.655,453.252,439.102,4,0,0
1998-02-04,1998-02-10,452.381,452.381,2.933,456.355,448.695,2,2,0
1998-02-11,1998-02-17,455.016,455.016,3.877,460.24,450.248,2,2,0
1998-02-18,1998-02-24,461.419,461.419,2.628,465.754,458.24,2,2,0
1998-02-25,1998-03-03,470.631,470.631,4.17,475.714,463.582,4,0,0
1998-03-04,1998-03-10,473.284,473.284,7.131,483.443,462.34,3,1,0
1998-03-11,1998-03-17,487.851,487.851,4.1,494.668,483.276,3,1,0
1998-03-18,1998-03-24,497.143,497.143,4.01,502.824,491.972,3,1,0
1998-03-25,1998-03-31,507.836,507.836,2.233,510.235,503.976,2,2,0
1998-04-01,1998-04-07,523.662,523.662,7.251,535.705,515.421,4,0,0
1998-04-08,1998-04-14,531.918,531.918,3.339,537.478,526.946,2,0,2
1998-04-15,1998-04-21,536.246,536.246,5.992,544.2,526.875,1,3,0
1998-04-22,1998-04-28,517.264,517.264,12.101,536.065,501.867,0,4,0
1998-04-29,1998-05-05,517.401,517.401,8.521,531.466,510.744,1,2,1
1998-05-06,1998-05-12,526.253,526.253,5.366,534.169,518.623,2,2,0
1998-05-13,1998-05-19,537.26,537.26,1.855,539.314,534.285,2,2,0
1998-05-20,1998-05-26,556.112,556.112,4.93,564.429,551.098,3,0,1
1998-05-27,1998-06-02,553.857,553.857,4.335,558.278,548.126,2,1,1
1998-06-03,1998-06-09,568.677,568.677,7.499,577.909,559.248,2,2,0
1998-06-10,1998-06-16,565.973,565.973,8.972,575.446,552.732,1,2,1
1998-06-17,1998-06-23,570.07,570.07,2.373,571.871,565.475,2,2,0
1998-06-24,1998-06-30,586.591,586.591,4.655,591.513,577.991,3,1,0
1998-07-01,1998-07-07,592.869,592.869,2.379,596.098,590.41,2,2,0
1998-07-08,1998-07-14,602.142,602.142,3.913,609.528,598.242,2,2,0
1998-07-15,1998-07-21,613.742,613.742,3.095,617.143,609.402,2,2,0
1998-07-22,1998-07-28,599.569,599.569,9.206,611.073,588.5,1,3,0
1998-07-29,1998-08-04,582.468,582.468,5.559,588.087,575.62,1,3,0
1998-08-05,1998-08-11,549.52,549.52,12.534,563.251,526.84,1,3,0
1998-08-12,1998-08-18,544.639,544.639,7.096,556.888,535.623,3,1,0
1998-08-19,1998-08-25,537.096,537.096,15.883,559.641,516.351,2,2,0
1998-08-26,1998-09-01,498.234,498.234,15.922,523.161,479.181,0,4,0
1998-09-02,1998-09-08,492.603,492.603,10.747,510.384,481.218,3,1,0
1998-09-09,1998-09-15,485.061,485.061,11.155,504.087,473.715,1,3,0
1998-09-16,1998-09-22,462.702,462.702,13.853,485.797,443.387,1,3,0
1998-09-23,1998-09-29,462.789,462.789,5.096,469.939,456.158,1,3,0
1998-09-30,1998-10-06,417.087,417.087,17.753,447.451,396.25,2,2,0
1998-10-07,1998-10-13,409.351,409.351,14.23,427.448,389.608,3,1,0
1998-10-14,1998-10-20,445.218,445.218,9.244,459.582,431.852,3,1,0
1998-10-21,1998-10-27,453.776,453.776,8.628,468.245,445.109,2,2,0
1998-10-28,1998-11-03,464.46,464.46,8.802,476.115,453.634,3,1,0
1998-11-04,1998-11-10,478.418,478.418,6.596,484.172,466.278,1,3,0
1998-11-11,1998-11-17,469.673,469.673,5.392,478.377,463.965,1,3,0
1998-11-18,1998-11-24,487.685,487.685,11.533,501.912,469.872,3,1,0
1998-11-25,1998-12-01,498.438,498.438,11.615,512.148,478.173,2,2,0
1998-12-02,1998-12-08,473.346,473.346,3.977,478.708,469.169,1,3,0
1998-12-09,1998-12-15,458.799,458.799,5.626,466.368,452.286,1,3,0
1998-12-16,1998-12-22,472.456,472.456,7.234,482.538,462.923,3,1,0
1998-12-23,1998-12-29,498.639,498.639,4.26,504.477,495.177,1,1,2
1998-12-30,1999-01-05,510.269,510.269,12.284,525.391,500.239,2,0,2
1999-01-06,1999-01-12,532.607,532.607,8.629,544.362,520.01,1,3,0
1999-01-13,1999-01-19,498.566,498.566,6.436,507.315,491.275,3,1,0
1999-01-20,1999-01-26,505.765,505.765,7.648,515.667,498.245,2,2,0
1999-01-27,1999-02-02,513.505,513.505,4.836,519.082,506.118,3,1,0
1999-02-03,1999-02-09,503.517,503.517,6.874,508.566,490.435,1,3,0
1999-02-10,1999-02-16,486.182,486.182,3.9,490.468,479.682,3,1,0
1999-02-17,1999-02-23,485.806,485.806,6.709,498.756,480.238,3,1,0
1999-02-24,1999-03-02,490.421,490.421,10.239,506.231,478.431,1,3,0
1999-03-03,1999-03-09,475.253,475.253,5.881,483.909,467.872,1,3,0
1999-03-10,1999-03-16,492.157,492.157,15.3,509.463,472.141,4,0,0
1999-03-17,1999-03-23,502.652,502.652,6.405,509.948,491.503,1,3,0
1999-03-24,1999-03-30,483.057,483.057,4.372,487.692,477.517,2,2,0
1999-03-31,1999-04-06,491.865,491.865,2.612,496.529,488.42,2,0,2
1999-04-07,1999-04-13,512.071,512.071,5.483,519.918,505.227,4,0,0
1999-04-14,1999-04-20,516.519,516.519,4.41,522.015,508.729,1,3,0
1999-04-21,1999-04-27,523.625,523.625,6.336,534.75,516.329,3,1,0
1999-04-28,1999-05-04,536.738,536.738,2.216,539.311,533.442,2,2,0
1999-05-05,1999-05-11,526.683,526.683,3.645,530.722,520.595,2,2,0
1999-05-12,1999-05-18,518.774,518.774,5.277,524.802,511.447,1,2,1
1999-05-19,1999-05-25,521.792,521.792,4.819,526.468,514.31,2,1,1
1999-05-26,1999-06-01,508.081,508.081,4.509,516.044,502.124,1,3,0
1999-06-02,1999-06-08,510.094,510.094,9.099,521.108,499.783,3,0,1
1999-06-09,1999-06-15,526.685,526.685,4.386,534.286,520.647,3,1,0
1999-06-16,1999-06-22,543.214,543.214,3.362,546.867,538.125,4,0,0
1999-06-23,1999-06-29,534.888,534.888,3.295,539.911,530.121,2,2,0
1999-06-30,1999-07-06,552.326,552.326,9.092,562.562,537.852,3,1,0
1999-07-07,1999-07-13,561.208,561.208,2.954,565.202,557.382,3,1,0
1999-07-14,1999-07-20,559.322,559.322,5.116,562.474,549.129,3,1,0
1999-07-21,1999-07-27,529.926,529.926,7.658,541.417,520.644,1,3,0
1999-07-28,1999-08-03,512.419,512.419,5.842,522.956,505.232,2,2,0
1999-08-04,1999-08-10,503.929,503.929,5.427,511.937,497.845,2,2,0
1999-08-11,1999-08-17,517.671,517.671,9.197,525.991,501.969,4,0,0
1999-08-18,1999-08-24,525.949,525.949,4.923,532.402,518.685,3,1,0
1999-08-25,1999-08-31,537.466,537.466,5.306,542.036,527.077,1,3,0
1999-09-01,1999-09-07,532.703,532.703,7.553,540.055,518.992,2,2,0
1999-09-08,1999-09-14,543.398,543.398,3.11,548.395,540.07,2,2,0
1999-09-15,1999-09-21,532.606,532.606,3.805,538.718,528.276,1,3,0
1999-09-22,1999-09-28,521.672,521.672,6.052,529.957,511.91,2,2,0
1999-09-29,1999-10-05,518.614,518.614,6.652,530.185,512.455,3,1,0
1999-10-06,1999-10-12,539.297,539.297,3.037,541.931,535.332,1,3,0
1999-10-13,1999-10-19,523.063,523.063,5.724,529.691,515.628,1,3,0
1999-10-20,1999-10-26,532.093,532.093,4.976,538.876,524.649,2,2,0
1999-10-27,1999-11-02,548.8,548.8,6.593,554.695,536.386,3,1,0
1999-11-03,1999-11-09,563.945,563.945,4.397,569.473,556.087,3,1,0
1999-11-10,1999-11-16,582.093,582.093,5.783,590.952,574.242,3,1,0
1999-11-17,1999-11-23,588.216,588.216,6.103,595.597,581.474,2,2,0
1999-11-24,1999-11-30,590.463,590.463,5.251,596.145,581.873,2,2,0
1999-12-01,1999-12-07,605.823,605.823,10.099,615.877,593.384,4,0,0
1999-12-08,1999-12-14,612.935,612.935,3.082,618.799,609.79,3,1,0
1999-12-15,1999-12-21,634.506,634.506,6.206,641.868,623.275,4,0,0
1999-12-22,1999-12-28,675.125,675.125,13.301,686.154,649.253,3,0,1
1999-12-29,2000-01-04,682.271,682.271,14.057,695.814,658.695,1,2,1
2000-01-05,2000-01-11,671.494,671.494,19.116,692.552,647.492,2,2,0
2000-01-12,2000-01-18,707.461,707.461,12.957,725.89,691.281,3,1,0
2000-01-19,2000-01-25,698.762,698.762,11.057,711.266,680.964,1,3,0
2000-01-26,2000-02-01,700.963,700.963,10.039,712.613,683.56,2,2,0
2000-02-02,2000-02-08,736.34,736.34,12.853,754.988,717.195,3,1,0
2000-02-09,2000-02-15,759.817,759.817,10.628,770.927,739.613,2,2,0
2000-02-16,2000-02-22,756.862,756.862,4.081,760.794,749.032,3,1,0
2000-02-23,2000-02-29,766.197,766.197,5.219,773.868,758.713,2,2,0
2000-03-01,2000-03-07,793.49,793.49,11.151,806.497,772.793,4,0,0
2000-03-08,2000-03-14,785.12,785.12,14.753,798.7,765.005,1,3,0
2000-03-15,2000-03-21,767.793,767.793,16.374,787.238,741.446,3,1,0
2000-03-22,2000-03-28,785.005,785.005,9.17,793.242,769.478,2,2,0
2000-03-29,2000-04-04,761.221,761.221,14.594,786.476,742.922,1,3,0
2000-04-05,2000-04-11,745.176,745.176,6.923,752.22,733.077,2,2,0
2000-04-12,2000-04-18,729.812,729.812,12.114,744.906,718.714,2,2,0
2000-04-19,2000-04-25,719.421,719.421,4.878,728.051,715.795,1,1,2
2000-04-26,2000-05-02,739.911,739.911,10.644,755.592,722.174,2,1,1
2000-05-03,2000-05-09,739.662,739.662,8.013,753.082,728.054,2,2,0
2000-05-10,2000-05-16,724.317,724.317,8.315,737.106,712.086,3,1,0
2000-05-17,2000-05-23,704.455,704.455,12.705,721.151,691.296,1,3,0
2000-05-24,2000-05-30,697.76,697.76,9.328,711.926,683.488,3,1,0
2000-05-31,2000-06-06,731.784,731.784,11.826,743.895,710.967,2,2,0
2000-06-07,2000-06-13,725.904,725.904,2.035,729.298,723.564,2,2,0
2000-06-14,2000-06-20,724.741,724.741,8.19,735.094,713.14,2,2,0
2000-06-21,2000-06-27,704.206,704.206,3.891,710.009,698.041,2,2,0
2000-06-28,2000-07-04,694.642,694.642,6.272,705.605,687.454,2,2,0
2000-07-05,2000-07-11,700.797,700.797,4.753,707.082,695.109,2,2,0
2000-07-12,2000-07-18,728.359,728.359,13.645,743.07,706.597,3,1,0
2000-07-19,2000-07-25,737.546,737.546,5.553,748.014,732.831,2,2,0
2000-07-26,2000-08-01,718.995,718.995,6.066,730.212,712.83,1,3,0
2000-08-02,2000-08-08,708.08,708.08,4.442,712.381,701.659,2,2,0
2000-08-09,2000-08-15,729.395,729.395,3.778,733.167,722.671,3,1,0
2000-08-16,2000-08-22,725.493,725.493,3.955,731.527,719.934,1,3,0
2000-08-23,2000-08-29,728.077,728.077,4.279,733.922,723.026,2,2,0
2000-08-30,2000-09-05,731.746,731.746,10.077,744.556,718.556,3,1,0
2000-09-06,2000-09-12,726.487,726.487,8.442,737.334,713.575,1,3,0
2000-09-13,2000-09-19,697.675,697.675,5.531,704.85,689.169,2,2,0
2000-09-20,2000-09-26,674.843,674.843,3.616,678.869,668.292,2,2,0
2000-09-27,2000-10-03,683.389,683.389,2.563,686.226,679.812,2,1,1
2000-10-04,2000-10-10,676.925,676.925,8.395,689.249,667.315,1,3,0
2000-10-11,2000-10-17,656.943,656.943,6.945,666.13,646.526,1,3,0
2000-10-18,2000-10-24,662.891,662.891,10.178,680.281,648.3,3,1,0
2000-10-25,2000-10-31,688.896,688.896,12.056,707.744,674.822,4,0,0
2000-11-01,2000-11-07,709.771,709.771,2.986,713.63,705.907,3,1,0
2000-11-08,2000-11-14,690.572,690.572,9.684,700.864,674.21,1,3,0
2000-11-15,2000-11-21,676.861,676.861,12.348,696.109,660.948,1,3,0
2000-11-22,2000-11-28,661.964,661.964,6.362,669.691,651.054,3,1,0
2000-11-29,2000-12-05,650.575,650.575,10.316,663.709,637.233,2,2,0
2000-12-06,2000-12-12,667.914,667.914,7.722,678.252,656.608,2,2,0
2000-12-13,2000-12-19,645.82,645.82,9.752,662.021,633.13,2,2,0
2000-12-20,2000-12-26,624.073,624.073,2.004,625.14,620.071,1,1,2
2000-12-27,2001-01-02,637.137,637.137,5.704,643.361,628.982,2,1,1
2001-01-03,2001-01-09,639.81,639.81,2.073,643.496,637.654,3,1,0
2001-01-10,2001-01-16,646.021,646.021,7.253,652.287,632.007,3,1,0
2001-01-17,2001-01-23,666.762,666.762,3.011,672.241,663.576,3,1,0
2001-01-24,2001-01-30,672.392,672.392,2.051,675.096,669.52,2,2,0
2001-01-31,2001-02-06,669.182,669.182,5.963,679.514,662.807,1,3,0
2001-02-07,2001-02-13,656.714,656.714,4.471,663.681,649.707,2,2,0
2001-02-14,2001-02-20,648.692,648.692,5.433,659.167,643.926,2,2,0
2001-02-21,2001-02-27,622.217,622.217,9.122,634.799,607.534,2,2,0
2001-02-28,2001-03-06,619.822,619.822,5.466,628.406,612.338,3,1,0
2001-03-07,2001-03-13,615.732,615.732,13.139,630.564,596.293,0,4,0
2001-03-14,2001-03-20,577.16,577.16,7.625,588.995,565.729,2,2,0
2001-03-21,2001-03-27,564.399,564.399,18.402,593.821,538.802,3,1,0
2001-03-28,2001-04-03,576.82,576.82,11.38,587.93,555.346,1,3,0
2001-04-04,2001-04-10,575.295,575.295,10.405,591.384,559.766,3,1,0
2001-04-11,2001-04-17,597.873,597.873,2.929,600.23,593.558,1,1,2
2001-04-18,2001-04-24,613.016,613.016,4.497,618.191,605.148,2,2,0
2001-04-25,2001-05-01,618.862,618.862,6.528,626.451,611.519,3,0,1
2001-05-02,2001-05-08,613.453,613.453,4.282,621.384,608.917,1,3,0
2001-05-09,2001-05-15,610.104,610.104,4.325,616.518,606.394,2,2,0
2001-05-16,2001-05-22,620.592,620.592,4.65,627.059,614.844,4,0,0
2001-05-23,2001-05-29,621.098,621.098,5.107,627.89,612.033,1,3,0
2001-05-30,2001-06-05,614.19,614.19,6.647,624.213,604.122,4,0,0
2001-06-06,2001-06-12,615.716,615.716,5.004,619.244,605.915,1,3,0
2001-06-13,2001-06-19,596.999,596.999,8.872,611.194,586.904,1,3,0
2001-06-20,2001-06-26,589.886,589.886,3.388,594.177,584.779,2,2,0
2001-06-27,2001-07-03,600.592,600.592,9.706,610.95,583.31,3,1,0
2001-07-04,2001-07-10,591.264,591.264,7.972,601.572,581.632,1,3,0
2001-07-11,2001-07-17,586.402,586.402,4.252,592.801,580.18,2,2,0
2001-07-18,2001-07-24,575.542,575.542,5.681,582.969,566.326,2,2,0
2001-07-25,2001-07-31,573.335,573.335,9.619,586.119,558.276,4,0,0
2001-08-01,2001-08-07,576.939,576.939,3.564,583.523,573.588,2,2,0
2001-08-08,2001-08-14,550.695,550.695,6.326,561.451,543.349,2,2,0
2001-08-15,2001-08-21,529.268,529.268,9.932,545.544,520.783,1,3,0
2001-08-22,2001-08-28,531.54,531.54,7.261,540.647,522.021,3,1,0
2001-08-29,2001-09-04,519.155,519.155,6.856,530.5,509.41,2,2,0
2001-09-05,2001-09-11,471.956,471.956,25.835,504.808,427.353,0,4,0
2001-09-12,2001-09-18,425.46,425.46,9.866,439.24,411.598,2,2,0
2001-09-19,2001-09-25,393.73,393.73,11.417,404.18,378.723,1,3,0
2001-09-26,2001-10-02,422.643,422.643,7.982,430.815,409.532,3,1,0
2001-10-03,2001-10-09,448.801,448.801,3.618,454.813,443.666,2,2,0
2001-10-10,2001-10-16,462.635,462.635,5.426,471.846,454.848,2,2,0
2001-10-17,2001-10-23,461.125,461.125,6.441,470.422,451.353,2,2,0
2001-10-24,2001-10-30,471.04,471.04,10.255,482.026,454.398,1,3,0
2001-10-31,2001-11-06,464.827,464.827,7.383,475.511,455.913,2,2,0
2001-11-07,2001-11-13,490.633,490.633,6.124,499.357,482.037,2,2,0
2001-11-14,2001-11-20,506.076,506.076,7.897,518.51,495.353,3,1,0
2001-11-21,2001-11-27,510.725,510.725,3.143,515.097,505.957,2,2,0
2001-11-28,2001-12-04,496.887,496.887,3.671,501.399,491.595,3,1,0
2001-12-05,2001-12-11,520.084,520.084,5.926,527.129,512.468,2,2,0
2001-12-12,2001-12-18,500.913,500.913,6.172,506.799,490.942,1,3,0
2001-12-19,2001-12-25,499.517,499.517,3.329,501.901,493.414,1,1,2
2001-12-26,2002-01-01,512.329,512.329,5.473,516.01,501.901,2,0,2
2002-01-02,2002-01-08,524.51,524.51,4.952,531.873,516.788,3,1,0
2002-01-09,2002-01-15,517.083,517.083,9.105,528.821,506.204,0,4,0
2002-01-16,2002-01-22,507.106,507.106,5.421,513.34,498.42,1,3,0
2002-01-23,2002-01-29,514.673,514.673,3.145,517.044,508.452,2,2,0
2002-01-30,2002-02-05,503.562,503.562,6.576,510.761,493.675,1,3,0
2002-02-06,2002-02-12,486.555,486.555,4.59,494.0,480.441,2,2,0
2002-02-13,2002-02-19,488.151,488.151,7.164,497.377,476.405,2,2,0
2002-02-20,2002-02-26,482.757,482.757,5.607,489.775,474.558,3,1,0
2002-02-27,2002-03-05,511.424,511.424,10.961,524.584,496.022,3,1,0
2002-03-06,2002-03-12,531.014,531.014,3.347,535.955,527.581,2,2,0
2002-03-13,2002-03-19,536.251,536.251,8.538,546.255,524.599,4,0,0
2002-03-20,2002-03-26,535.75,535.75,2.412,539.059,531.738,2,2,0
2002-03-27,2002-04-02,537.019,537.019,3.518,539.729,531.108,1,1,2
2002-04-03,2002-04-09,522.958,522.958,4.534,528.184,517.025,1,3,0
2002-04-10,2002-04-16,524.121,524.121,6.311,534.388,516.296,3,1,0
2002-04-17,2002-04-23,525.271,525.271,4.766,531.855,519.21,1,3,0
2002-04-24,2002-04-30,505.283,505.283,5.729,516.014,500.038,2,2,0
2002-05-01,2002-05-07,492.832,492.832,6.561,504.12,487.241,0,4,0
2002-05-08,2002-05-14,497.827,497.827,6.173,504.908,487.17,2,2,0
2002-05-15,2002-05-21,502.797,502.797,3.207,507.239,498.461,0,4,0
2002-05-22,2002-05-28,491.565,491.565,2.724,496.154,487.95,2,2,0
2002-05-29,2002-06-04,476.716,476.716,8.502,488.18,462.579,1,3,0
2002-06-05,2002-06-11,461.747,461.747,2.293,465.752,458.926,2,2,0
2002-06-12,2002-06-18,443.863,443.863,7.16,451.019,430.385,1,3,0
2002-06-19,2002-06-25,423.262,423.262,7.361,435.482,412.721,1,3,0
2002-06-26,2002-07-02,426.076,426.076,10.624,438.256,409.905,2,2,0
2002-07-03,2002-07-09,433.838,433.838,12.583,448.303,413.815,2,2,0
2002-07-10,2002-07-16,406.596,406.596,10.367,419.022,391.251,2,2,0
2002-07-17,2002-07-23,385.854,385.854,22.805,410.075,351.583,1,3,0
2002-07-24,2002-07-30,369.417,369.417,14.751,387.894,352.046,3,1,0
2002-07-31,2002-08-06,354.807,354.807,12.133,370.014,333.265,1,3,0
2002-08-07,2002-08-13,364.72,364.72,9.823,376.086,346.554,3,1,0
2002-08-14,2002-08-20,370.931,370.931,8.572,383.767,358.992,3,1,0
2002-08-21,2002-08-27,384.763,384.763,4.087,390.655,378.384,2,2,0
2002-08-28,2002-09-03,361.303,361.303,11.223,371.294,339.899,1,3,0
2002-09-04,2002-09-10,343.804,343.804,5.029,349.469,335.471,2,2,0
2002-09-11,2002-09-17,339.52,339.52,10.471,358.469,328.913,0,4,0
2002-09-18,2002-09-24,299.712,299.712,9.313,312.492,287.321,1,3,0
2002-09-25,2002-10-01,290.725,290.725,8.592,302.06,276.903,2,2,0
2002-10-02,2002-10-08,274.883,274.883,10.925,292.674,262.209,0,4,0
2002-10-09,2002-10-15,283.204,283.204,15.584,304.827,259.788,3,1,0
2002-10-16,2002-10-22,315.674,315.674,8.718,328.267,300.893,2,2,0
2002-10-23,2002-10-29,308.568,308.568,6.65,319.896,301.542,3,1,0
2002-10-30,2002-11-05,322.217,322.217,9.769,335.132,311.359,4,0,0
2002-11-06,2002-11-12,313.831,313.831,8.871,329.884,304.206,1,3,0
2002-11-13,2002-11-19,317.437,317.437,5.504,321.836,306.642,3,1,0
2002-11-20,2002-11-26,326.587,326.587,5.282,332.088,319.163,2,2,0
2002-11-27,2002-12-03,333.758,333.758,3.46,338.02,328.049,2,2,0
2002-12-04,2002-12-10,319.732,319.732,8.284,332.075,306.557,1,3,0
2002-12-11,2002-12-17,314.605,314.605,4.894,320.529,307.706,1,3,0
2002-12-18,2002-12-24,300.2,300.2,2.268,302.422,296.141,1,2,1
2002-12-25,2002-12-31,292.539,292.539,6.453,300.084,284.0,1,1,2
2003-01-01,2003-01-07,307.213,307.213,9.234,315.725,289.263,2,2,0
2003-01-08,2003-01-14,304.548,304.548,3.448,309.872,299.3,3,1,0
2003-01-15,2003-01-21,295.729,295.729,7.864,305.411,287.057,1,3,0
2003-01-22,2003-01-28,272.949,272.949,6.779,281.122,264.38,2,2,0
2003-01-29,2003-02-04,270.663,270.663,4.323,275.199,263.298,2,2,0
2003-02-05,2003-02-11,263.146,263.146,5.506,272.588,256.934,2,2,0
2003-02-12,2003-02-18,265.002,265.002,7.4,274.014,255.527,3,1,0
2003-02-19,2003-02-25,258.433,258.433,5.617,264.887,248.55,1,3,0
2003-02-26,2003-03-04,251.223,251.223,3.63,254.965,245.02,3,1,0
2003-03-05,2003-03-11,240.031,240.031,7.214,249.802,230.53,0,4,0
2003-03-12,2003-03-18,240.644,240.644,12.836,258.461,220.296,4,0,0
2003-03-19,2003-03-25,262.392,262.392,5.404,271.506,254.837,2,2,0
2003-03-26,2003-04-01,251.166,251.166,6.541,258.405,242.387,2,2,0
2003-04-02,2003-04-08,267.799,267.799,9.523,280.894,256.981,2,2,0
2003-04-09,2003-04-15,275.521,275.521,4.683,283.412,269.71,3,1,0
2003-04-16,2003-04-22,289.7,289.7,4.323,296.096,282.468,2,0,2
2003-04-23,2003-04-29,291.343,291.343,4.797,297.44,283.823,1,3,0
2003-04-30,2003-05-06,299.001,299.001,4.705,306.695,294.204,3,0,1
2003-05-07,2003-05-13,293.91,293.91,4.098,300.564,288.608,1,3,0
2003-05-14,2003-05-20,291.882,291.882,6.48,298.938,283.893,1,3,0
2003-05-21,2003-05-27,284.343,284.343,2.145,287.36,282.283,3,1,0
2003-05-28,2003-06-03,298.006,298.006,6.062,306.456,290.671,2,2,0
2003-06-04,2003-06-10,309.647,309.647,3.571,314.034,303.976,2,2,0
2003-06-11,2003-06-17,322.346,322.346,4.631,328.648,316.871,3,1,0
2003-06-18,2003-06-24,323.879,323.879,3.885,330.415,318.639,1,3,0
2003-06-25,2003-07-01,320.637,320.637,3.282,324.122,314.655,1,3,0
2003-07-02,2003-07-08,327.998,327.998,4.806,334.446,323.961,3,1,0
2003-07-09,2003-07-15,333.991,333.991,4.594,339.607,326.984,2,2,0
2003-07-16,2003-07-22,333.804,333.804,3.56,338.764,328.7,2,2,0
2003-07-23,2003-07-29,337.642,337.642,4.459,342.812,330.448,3,1,0
2003-07-30,2003-08-05,343.989,343.989,2.69,348.786,340.531,2,2,0
2003-08-06,2003-08-12,335.222,335.222,2.187,338.171,333.189,3,1,0
2003-08-13,2003-08-19,346.146,346.146,4.062,350.723,339.889,2,2,0
2003-08-20,2003-08-26,351.426,351.426,3.914,356.547,345.548,1,3,0
2003-08-27,2003-09-02,351.975,351.975,4.054,357.122,348.308,2,2,0
2003-09-03,2003-09-09,363.196,363.196,2.713,366.867,359.44,2,2,0
2003-09-10,2003-09-16,353.857,353.857,2.414,356.685,350.806,3,1,0
2003-09-17,2003-09-23,352.381,352.381,7.676,361.202,341.102,1,3,0
2003-09-24,2003-09-30,330.772,330.772,2.637,332.627,325.678,1,3,0
2003-10-01,2003-10-07,335.723,335.723,5.165,341.9,327.664,1,3,0
2003-10-08,2003-10-14,348.5,348.5,5.275,353.839,339.533,2,2,0
2003-10-15,2003-10-21,356.088,356.088,2.325,358.008,351.667,3,1,0
2003-10-22,2003-10-28,350.888,350.888,4.426,358.693,345.264,3,1,0
2003-10-29,2003-11-04,367.946,367.946,5.356,374.45,361.542,3,1,0
2003-11-05,2003-11-11,374.206,374.206,2.221,378.256,371.77,2,2,0
2003-11-12,2003-11-18,373.043,373.043,5.154,379.74,366.628,2,2,0
2003-11-19,2003-11-25,368.057,368.057,4.48,373.709,363.804,2,2,0
2003-11-26,2003-12-02,376.688,376.688,4.14,382.12,371.298,3,1,0
2003-12-03,2003-12-09,384.898,384.898,2.545,387.566,380.654,1,3,0
2003-12-10,2003-12-16,385.627,385.627,1.862,387.547,382.092,3,1,0
2003-12-17,2003-12-23,387.943,387.943,2.013,390.334,384.757,3,1,0
2003-12-24,2003-12-30,392.558,392.558,2.752,396.516,390.334,2,0,2
2003-12-31,2004-01-06,400.403,400.403,3.235,403.59,396.516,2,1,1
2004-01-07,2004-01-13,401.163,401.163,1.844,404.543,399.591,2,2,0
2004-01-14,2004-01-20,409.639,409.639,3.062,413.992,405.521,3,1,0
2004-01-21,2004-01-27,413.857,413.857,0.765,415.183,412.868,3,1,0
2004-01-28,2004-02-03,408.673,408.673,3.461,415.024,405.751,1,3,0
2004-02-04,2004-02-10,405.958,405.958,3.839,411.08,401.479,3,1,0
2004-02-11,2004-02-17,409.344,409.344,2.638,412.216,405.705,2,2,0
2004-02-18,2004-02-24,407.407,407.407,4.871,414.153,399.142,1,3,0
2004-02-25,2004-03-02,403.522,403.522,3.806,410.034,399.534,4,0,0
2004-03-03,2004-03-09,411.303,411.303,2.845,414.599,407.17,2,2,0
2004-03-10,2004-03-16,389.963,389.963,8.389,404.47,381.076,2,2,0
2004-03-17,2004-03-23,380.028,380.028,6.413,389.679,372.882,0,4,0
2004-03-24,2004-03-30,382.312,382.312,5.571,388.125,372.607,3,1,0
2004-03-31,2004-04-06,397.211,397.211,7.104,404.86,385.67,3,1,0
2004-04-07,2004-04-13,402.263,402.263,2.486,407.142,400.116,2,0,2
2004-04-14,2004-04-20,402.751,402.751,1.959,406.113,400.461,2,2,0
2004-04-21,2004-04-27,408.977,408.977,4.109,413.41,402.615,4,0,0
2004-04-28,2004-05-04,401.165,401.165,2.858,406.574,398.521,1,3,0
2004-05-05,2004-05-11,389.233,389.233,7.817,402.21,378.461,1,3,0
2004-05-12,2004-05-18,378.958,378.958,2.388,382.493,375.437,2,2,0
2004-05-19,2004-05-25,384.787,384.787,1.852,387.226,382.807,1,3,0
2004-05-26,2004-06-01,389.383,389.383,2.363,392.141,386.418,2,2,0
2004-06-02,2004-06-08,396.082,396.082,5.253,401.895,388.831,4,0,0
2004-06-09,2004-06-15,399.398,399.398,2.57,402.164,394.865,2,2,0
2004-06-16,2004-06-22,398.124,398.124,2.722,400.324,392.839,1,3,0
2004-06-23,2004-06-29,402.092,402.092,4.632,406.973,394.51,4,0,0
2004-06-30,2004-07-06,400.543,400.543,3.72,405.273,394.488,0,4,0
2004-07-07,2004-07-13,391.733,391.733,1.601,393.448,389.324,2,2,0
2004-07-14,2004-07-20,384.844,384.844,2.81,389.884,381.263,1,3,0
2004-07-21,2004-07-27,380.851,380.851,4.024,387.748,375.259,1,3,0
2004-07-28,2004-08-03,386.651,386.651,3.172,389.561,380.721,3,1,0
2004-08-04,2004-08-10,375.83,375.83,5.702,382.903,369.033,2,2,0
2004-08-11,2004-08-17,367.777,367.777,2.268,370.573,364.699,2,2,0
2004-08-18,2004-08-24,374.105,374.105,2.534,377.214,371.261,1,3,0
2004-08-25,2004-08-31,381.928,381.928,2.704,385.118,378.521,2,2,0
2004-09-01,2004-09-07,385.894,385.894,2.88,388.904,381.762,4,0,0
2004-09-08,2004-09-14,390.449,390.449,3.961,395.331,385.122,2,2,0
2004-09-15,2004-09-21,397.243,397.243,1.809,399.102,394.175,3,1,0
2004-09-22,2004-09-28,390.299,390.299,2.391,394.235,387.437,2,2,0
2004-09-29,2004-10-05,397.804,397.804,6.149,404.871,389.29,3,1,0
2004-10-06,2004-10-12,401.857,401.857,2.934,404.966,396.648,1,3,0
2004-10-13,2004-10-19,394.358,394.358,2.347,397.603,391.517,1,3,0
2004-10-20,2004-10-26,389.965,389.965,3.479,393.514,385.441,3,1,0
2004-10-27,2004-11-02,397.982,397.982,3.946,403.757,392.903,4,0,0
2004-11-03,2004-11-09,405.566,405.566,1.276,406.897,403.904,3,1,0
2004-11-10,2004-11-16,412.297,412.297,1.889,414.335,408.913,2,2,0
2004-11-17,2004-11-23,414.687,414.687,2.876,418.341,411.337,0,4,0
2004-11-24,2004-11-30,414.258,414.258,1.446,416.035,412.53,1,3,0
2004-12-01,2004-12-07,420.357,420.357,1.162,421.64,418.603,2,2,0
2004-12-08,2004-12-14,419.537,419.537,2.95,423.13,415.041,3,1,0
2004-12-15,2004-12-21,421.112,421.112,1.649,423.371,418.227,3,1,0
2004-12-22,2004-12-28,424.833,424.833,0.917,426.179,423.536,2,1,1
2004-12-29,2005-01-04,426.839,426.839,1.873,429.153,424.775,2,1,1
2005-01-05,2005-01-11,428.819,428.819,2.504,431.64,425.801,2,2,0
2005-01-12,2005-01-18,422.991,422.991,1.699,425.071,420.882,4,0,0
2005-01-19,2005-01-25,422.31,422.31,1.528,424.555,420.189,1,3,0
2005-01-26,2005-02-01,423.343,423.343,2.928,427.997,420.181,3,1,0
2005-02-02,2005-02-08,433.099,433.099,3.63,437.139,428.164,3,1,0
2005-02-09,2005-02-15,437.428,437.428,2.275,440.203,434.201,2,2,0
2005-02-16,2005-02-22,435.489,435.489,1.696,436.968,432.321,1,3,0
2005-02-23,2005-03-01,433.954,433.954,2.906,438.362,430.429,3,1,0
2005-03-02,2005-03-08,440.296,440.296,2.034,442.809,437.327,2,2,0
2005-03-09,2005-03-15,436.575,436.575,1.671,438.769,433.768,3,1,0
2005-03-16,2005-03-22,431.385,431.385,1.056,432.718,429.636,3,1,0
2005-03-23,2005-03-29,433.998,433.998,1.183,435.189,431.72,2,0,2
2005-03-30,2005-04-05,435.476,435.476,1.167,437.353,434.139,3,1,0
2005-04-06,2005-04-12,438.752,438.752,1.056,440.068,437.212,2,2,0
2005-04-13,2005-04-19,430.536,430.536,8.973,440.569,420.22,1,3,0
2005-04-20,2005-04-26,421.522,421.522,2.536,424.696,417.862,3,1,0
2005-04-27,2005-05-03,420.43,420.43,2.603,424.554,417.81,3,1,0
2005-05-04,2005-05-10,428.369,428.369,2.24,431.106,425.113,2,2,0
2005-05-11,2005-05-17,426.017,426.017,1.113,427.57,424.416,2,2,0
2005-05-18,2005-05-24,436.986,436.986,2.938,440.695,432.46,3,1,0
2005-05-25,2005-05-31,444.238,444.238,3.037,448.043,438.954,3,1,0
2005-06-01,2005-06-07,452.66,452.66,2.327,456.601,449.726,2,2,0
2005-06-08,2005-06-14,457.941,457.941,1.646,459.921,455.729,3,1,0
2005-06-15,2005-06-21,458.557,458.557,2.137,460.811,454.842,3,1,0
2005-06-22,2005-06-28,457.897,457.897,3.915,462.748,452.382,2,2,0
2005-06-29,2005-07-05,460.281,460.281,1.593,462.341,458.363,3,1,0
2005-07-06,2005-07-12,461.201,461.201,4.739,466.338,453.018,2,2,0
2005-07-13,2005-07-19,471.643,471.643,3.026,477.054,467.989,4,0,0
2005-07-20,2005-07-26,482.749,482.749,2.204,484.349,478.45,4,0,0
2005-07-27,2005-08-02,489.161,489.161,2.468,493.287,485.535,3,1,0
2005-08-03,2005-08-09,487.434,487.434,3.787,492.312,482.718,2,2,0
2005-08-10,2005-08-16,493.76,493.76,3.521,499.057,488.381,0,4,0
2005-08-17,2005-08-23,490.241,490.241,3.495,494.169,485.127,2,2,0
2005-08-24,2005-08-30,483.194,483.194,4.891,491.595,478.38,1,3,0
2005-08-31,2005-09-06,487.772,487.772,5.356,496.828,482.969,3,1,0
2005-09-07,2005-09-13,497.574,497.574,3.745,500.593,490.188,2,2,0
2005-09-14,2005-09-20,493.853,493.853,3.116,498.65,490.598,2,2,0
2005-09-21,2005-09-27,491.417,491.417,5.743,499.816,484.901,2,2,0
2005-09-28,2005-10-04,506.682,506.682,4.057,513.802,502.117,3,1,0
2005-10-05,2005-10-11,502.994,502.994,2.13,506.942,500.777,2,2,0
2005-10-12,2005-10-18,496.668,496.668,1.49,498.177,494.718,2,2,0
2005-10-19,2005-10-25,486.468,486.468,2.23,490.179,483.84,2,2,0
2005-10-26,2005-11-01,487.682,487.682,5.104,492.907,480.605,2,2,0
2005-11-02,2005-11-08,499.882,499.882,2.384,502.42,495.483,2,2,0
2005-11-09,2005-11-15,506.414,506.414,4.198,511.061,501.138,4,0,0
2005-11-16,2005-11-22,513.0,513.0,3.732,517.472,508.146,4,0,0
2005-11-23,2005-11-29,519.088,519.088,0.806,519.948,517.659,2,2,0
2005-11-30,2005-12-06,526.713,526.713,4.06,530.799,519.34,3,1,0
2005-12-07,2005-12-13,528.942,528.942,1.515,531.028,526.675,3,1,0
2005-12-14,2005-12-20,532.86,532.86,3.067,535.66,528.676,3,1,0
2005-12-21,2005-12-27,541.569,541.569,1.741,544.484,539.723,3,0,1
2005-12-28,2006-01-03,544.493,544.493,1.902,546.068,540.826,3,1,0
2006-01-04,2006-01-10,552.166,552.166,1.556,553.711,549.471,2,2,0
2006-01-11,2006-01-17,550.658,550.658,3.075,554.213,546.016,2,2,0
2006-01-18,2006-01-24,537.17,537.17,3.608,543.084,533.43,1,3,0
2006-01-25,2006-01-31,559.152,559.152,9.327,567.415,542.709,4,0,0
2006-02-01,2006-02-07,567.459,567.459,2.717,572.653,564.96,3,1,0
2006-02-08,2006-02-14,572.626,572.626,3.683,576.34,566.641,3,1,0
2006-02-15,2006-02-21,578.882,578.882,1.279,580.104,576.437,3,1,0
2006-02-22,2006-02-28,586.038,586.038,3.81,591.515,579.604,2,2,0
2006-03-01,2006-03-07,577.298,577.298,5.104,586.661,572.146,1,3,0
2006-03-08,2006-03-14,578.731,578.731,7.472,587.088,567.336,4,0,0
2006-03-15,2006-03-21,589.866,589.866,0.956,591.186,588.238,2,2,0
2006-03-22,2006-03-28,593.109,593.109,2.835,597.314,589.063,2,2,0
2006-03-29,2006-04-04,598.139,598.139,3.859,602.405,591.478,2,2,0
2006-04-05,2006-04-11,598.508,598.508,4.76,603.139,590.847,2,2,0
2006-04-12,2006-04-18,591.191,591.191,0.817,591.857,590.125,1,1,2
2006-04-19,2006-04-25,606.194,606.194,3.551,609.475,599.376,2,2,0
2006-04-26,2006-05-02,604.919,604.919,3.686,610.712,600.989,1,2,1
2006-05-03,2006-05-09,607.805,607.805,6.49,614.072,596.896,4,0,0
2006-05-10,2006-05-16,595.967,595.967,10.794,611.838,585.192,0,4,0
2006-05-17,2006-05-23,564.316,564.316,4.921,567.849,554.624,3,1,0
2006-05-24,2006-05-30,569.182,569.182,7.651,578.836,558.723,2,2,0
2006-05-31,2006-06-06,564.23,564.23,7.579,570.759,550.281,1,3,0
2006-06-07,2006-06-13,541.58,541.58,8.427,554.393,529.214,1,3,0
2006-06-14,2006-06-20,540.741,540.741,6.314,549.361,530.599,3,1,0
2006-06-21,2006-06-27,550.807,550.807,2.672,553.342,545.915,1,3,0
2006-06-28,2006-07-04,563.271,563.271,10.174,572.901,545.687,4,0,0
2006-07-05,2006-07-11,566.506,566.506,3.706,570.632,561.604,2,2,0
2006-07-12,2006-07-18,548.023,548.023,9.096,563.782,539.685,0,4,0
2006-07-19,2006-07-25,553.599,553.599,4.469,557.805,545.101,2,2,0
2006-07-26,2006-08-01,564.526,564.526,4.77,570.542,558.31,2,2,0
2006-08-02,2006-08-08,566.449,566.449,3.429,572.303,562.667,2,2,0
2006-08-09,2006-08-15,568.619,568.619,5.461,577.68,562.837,2,2,0
2006-08-16,2006-08-22,581.534,581.534,1.24,583.351,579.483,2,2,0
2006-08-23,2006-08-29,582.062,582.062,2.841,585.499,577.554,2,2,0
2006-08-30,2006-09-05,587.949,587.949,1.722,590.972,585.957,2,2,0
2006-09-06,2006-09-12,581.087,581.087,3.391,587.385,577.372,3,1,0
2006-09-13,2006-09-19,591.023,591.023,2.191,593.787,587.346,2,2,0
2006-09-20,2006-09-26,593.24,593.24,3.32,596.203,588.332,3,1,0
2006-09-27,2006-10-03,599.498,599.498,0.595,600.433,598.916,1,3,0
2006-10-04,2006-10-10,608.192,608.192,2.285,611.771,604.637,3,1,0
2006-10-11,2006-10-17,615.101,615.101,2.88,618.654,611.51,3,1,0
2006-10-18,2006-10-24,621.069,621.069,2.947,624.752,617.742,3,1,0
2006-10-25,2006-10-31,626.775,626.775,0.892,628.419,625.819,2,2,0
2006-11-01,2006-11-07,628.98,628.98,5.228,636.196,622.333,3,1,0
2006-11-08,2006-11-14,636.936,636.936,1.773,639.373,634.926,2,2,0
2006-11-15,2006-11-21,643.98,643.98,1.687,646.039,641.236,3,1,0
2006-11-22,2006-11-28,638.864,638.864,8.405,647.613,628.168,0,4,0
2006-11-29,2006-12-05,631.643,631.643,4.815,637.28,624.113,2,2,0
2006-12-06,2006-12-12,643.111,643.111,3.907,647.617,636.951,4,0,0
2006-12-13,2006-12-19,656.259,656.259,2.765,659.725,652.077,3,1,0
2006-12-20,2006-12-26,653.405,653.405,3.809,658.691,650.313,0,2,2
2006-12-27,2007-01-02,661.913,661.913,3.159,668.113,659.692,2,1,1
2007-01-03,2007-01-09,663.615,663.615,3.912,669.132,659.309,2,2,0
2007-01-10,2007-01-16,668.152,668.152,5.929,673.174,656.656,3,1,0
2007-01-17,2007-01-23,670.095,670.095,2.423,674.717,667.893,1,3,0
2007-01-24,2007-01-30,673.451,673.451,3.263,678.823,669.034,2,2,0
2007-01-31,2007-02-06,685.518,685.518,3.491,688.576,678.911,3,1,0
2007-02-07,2007-02-13,689.164,689.164,2.109,691.556,685.945,2,2,0
2007-02-14,2007-02-20,696.937,696.937,1.289,698.708,695.707,1,3,0
2007-02-21,2007-02-27,695.104,695.104,7.135,702.759,681.965,3,1,0
2007-02-28,2007-03-06,661.771,661.771,5.949,671.544,653.457,1,3,0
2007-03-07,2007-03-13,667.74,667.74,4.621,671.652,661.775,2,2,0
2007-03-14,2007-03-20,659.695,659.695,8.823,670.029,644.77,3,1,0
2007-03-21,2007-03-27,683.105,683.105,6.357,689.906,671.206,3,1,0
2007-03-28,2007-04-03,692.275,692.275,7.374,704.556,681.689,4,0,0
2007-04-04,2007-04-10,710.806,710.806,3.099,716.667,707.391,2,0,2
2007-04-11,2007-04-17,723.895,723.895,8.86,734.883,714.295,3,1,0
2007-04-18,2007-04-24,729.471,729.471,3.85,734.254,724.273,1,3,0
2007-04-25,2007-05-01,738.519,738.519,2.428,740.887,734.308,2,1,1
2007-05-02,2007-05-08,748.345,748.345,3.286,752.569,744.22,3,1,0
2007-05-09,2007-05-15,746.712,746.712,2.976,750.535,741.533,2,2,0
2007-05-16,2007-05-22,757.34,757.34,7.017,765.939,748.125,4,0,0
2007-05-23,2007-05-29,773.854,773.854,2.649,778.104,769.738,2,1,1
2007-05-30,2007-06-05,790.65,790.65,8.04,798.785,776.497,2,2,0
2007-06-06,2007-06-12,766.47,766.47,5.253,773.005,759.05,1,3,0
2007-06-13,2007-06-19,792.604,792.604,14.19,803.612,768.076,3,1,0
2007-06-20,2007-06-26,795.919,795.919,7.472,809.049,786.052,0,4,0
2007-06-27,2007-07-03,794.777,794.777,8.534,805.068,780.123,3,1,0
2007-07-04,2007-07-10,803.057,803.057,4.631,807.739,796.476,2,2,0
2007-07-11,2007-07-17,803.773,803.773,7.385,810.569,789.854,3,1,0
2007-07-18,2007-07-24,790.213,790.213,6.263,799.121,780.679,2,2,0
2007-07-25,2007-07-31,753.873,753.873,9.053,769.255,745.168,2,2,0
2007-08-01,2007-08-07,748.037,748.037,3.828,753.413,743.567,3,1,0
2007-08-08,2007-08-14,746.044,746.044,8.531,760.594,734.326,1,3,0
2007-08-15,2007-08-21,738.531,738.531,6.173,744.59,727.007,3,1,0
2007-08-22,2007-08-28,748.719,748.719,2.979,751.196,743.024,1,3,0
2007-08-29,2007-09-04,759.353,759.353,10.071,772.177,743.918,4,0,0
2007-09-05,2007-09-11,749.594,749.594,9.358,762.172,737.544,2,2,0
2007-09-12,2007-09-18,751.235,751.235,3.828,757.521,747.299,2,2,0
2007-09-19,2007-09-25,776.754,776.754,2.224,779.443,773.509,1,3,0
2007-09-26,2007-10-02,787.773,787.773,5.102,794.679,780.415,4,0,0
2007-10-03,2007-10-09,797.146,797.146,1.997,800.218,794.499,2,2,0
2007-10-10,2007-10-16,799.873,799.873,3.267,804.126,796.264,2,2,0
2007-10-17,2007-10-23,788.573,788.573,6.527,798.541,779.494,1,3,0
2007-10-24,2007-10-30,793.964,793.964,6.126,800.967,782.896,3,1,0
2007-10-31,2007-11-06,787.686,787.686,7.524,801.922,780.755,1,3,0
2007-11-07,2007-11-13,780.318,780.318,1.437,781.947,777.756,1,3,0
2007-11-14,2007-11-20,764.094,764.094,8.771,778.311,751.197,1,3,0
2007-11-21,2007-11-27,755.764,755.764,3.155,760.896,751.842,2,2,0
2007-11-28,2007-12-04,780.111,780.111,5.191,787.052,772.366,2,2,0
2007-12-05,2007-12-11,798.444,798.444,3.635,803.336,794.058,2,2,0
2007-12-12,2007-12-18,792.579,792.579,8.811,807.612,782.544,2,2,0
2007-12-19,2007-12-25,794.29,794.29,7.389,800.267,783.732,2,0,2
2007-12-26,2008-01-01,804.865,804.865,2.554,806.732,800.267,2,0,2
2008-01-02,2008-01-08,786.667,786.667,5.409,794.911,780.869,2,2,0
2008-01-09,2008-01-15,770.243,770.243,7.237,778.271,756.638,2,2,0
2008-01-16,2008-01-22,715.179,715.179,30.791,747.157,676.947,0,4,0
2008-01-23,2008-01-29,675.777,675.777,16.185,689.296,643.921,3,1,0
2008-01-30,2008-02-05,689.23,689.23,8.439,700.049,676.525,2,2,0
2008-02-06,2008-02-12,681.198,681.198,8.759,696.784,673.372,2,2,0
2008-02-13,2008-02-19,694.764,694.764,5.924,700.229,683.243,2,2,0
2008-02-20,2008-02-26,689.587,689.587,5.73,698.597,680.629,3,1,0
2008-02-27,2008-03-04,676.87,676.87,15.36,699.785,654.504,0,4,0
2008-03-05,2008-03-11,655.233,655.233,7.986,668.371,644.808,1,3,0
2008-03-12,2008-03-18,642.55,642.55,13.91,659.937,618.23,1,3,0
2008-03-19,2008-03-25,636.918,636.918,7.939,652.471,631.999,1,1,2
2008-03-26,2008-04-01,657.65,657.65,7.785,672.033,648.926,2,2,0
2008-04-02,2008-04-08,677.511,677.511,2.599,682.103,674.172,2,2,0
2008-04-09,2008-04-15,663.376,663.376,6.666,672.136,655.449,1,3,0
2008-04-16,2008-04-22,674.852,674.852,5.888,684.308,668.181,1,3,0
2008-04-23,2008-04-29,686.472,686.472,4.869,692.533,679.503,3,1,0
2008-04-30,2008-05-06,700.201,700.201,4.493,705.208,694.882,2,1,1
2008-05-07,2008-05-13,704.949,704.949,2.706,707.625,700.317,2,2,0
2008-05-14,2008-05-20,713.306,713.306,5.4,722.594,708.105,2,2,0
2008-05-21,2008-05-27,699.354,699.354,5.172,707.033,694.405,3,1,0
2008-05-28,2008-06-03,704.271,704.271,3.119,709.679,700.877,3,1,0
2008-06-04,2008-06-10,685.956,685.956,7.854,696.543,677.11,1,3,0
2008-06-11,2008-06-17,673.123,673.123,4.943,679.616,665.026,3,1,0
2008-06-18,2008-06-24,663.081,663.081,7.902,672.891,653.606,1,3,0
2008-06-25,2008-07-01,644.672,644.672,9.795,661.784,631.594,0,4,0
2008-07-02,2008-07-08,632.631,632.631,4.34,639.575,627.221,2,2,0
2008-07-09,2008-07-15,622.534,622.534,10.84,638.646,608.17,1,3,0
2008-07-16,2008-07-22,633.538,633.538,10.797,644.279,615.537,4,0,0
2008-07-23,2008-07-29,643.269,643.269,6.094,653.609,635.115,1,3,0
2008-07-30,2008-08-05,644.093,644.093,6.031,651.87,634.981,2,2,0
2008-08-06,2008-08-12,657.241,657.241,2.298,660.963,654.349,2,2,0
2008-08-13,2008-08-19,640.515,640.515,6.191,644.602,628.243,2,2,0
2008-08-20,2008-08-26,630.693,630.693,3.873,634.242,623.696,2,2,0
2008-08-27,2008-09-02,642.083,642.083,6.244,651.847,632.103,3,1,0
2008-09-03,2008-09-09,627.433,627.433,11.018,646.749,612.744,1,3,0
2008-09-10,2008-09-16,613.069,613.069,10.134,623.489,596.517,1,3,0
2008-09-17,2008-09-23,601.804,601.804,13.31,618.953,586.098,2,2,0
2008-09-24,2008-09-30,598.55,598.55,14.247,617.303,580.708,2,2,0
2008-10-01,2008-10-07,559.553,559.553,20.252,580.633,532.663,1,3,0
2008-10-08,2008-10-14,494.131,494.131,22.225,519.919,454.431,2,2,0
2008-10-15,2008-10-21,477.704,477.704,8.292,486.163,462.281,2,2,0
2008-10-22,2008-10-28,450.891,450.891,18.908,482.345,429.567,2,2,0
2008-10-29,2008-11-04,499.417,499.417,16.229,527.804,480.869,4,0,0
2008-11-05,2008-11-11,494.12,494.12,14.601,516.687,476.158,2,2,0
2008-11-12,2008-11-18,462.346,462.346,5.391,471.024,455.727,3,1,0
2008-11-19,2008-11-25,436.329,436.329,17.41,456.042,412.741,2,2,0
2008-11-26,2008-12-02,456.436,456.436,10.105,466.944,439.479,3,1,0
2008-12-03,2008-12-09,460.159,460.159,13.828,477.911,438.147,2,2,0
2008-12-10,2008-12-16,472.404,472.404,5.815,480.488,465.482,1,3,0
2008-12-17,2008-12-23,468.598,468.598,4.687,475.64,462.938,1,3,0
2008-12-24,2008-12-30,468.064,468.064,7.107,481.02,462.938,2,0,2
2008-12-31,2009-01-06,492.075,492.075,9.2,502.631,481.02,3,0,1
2009-01-07,2009-01-13,479.157,479.157,10.792,493.747,463.694,0,4,0
2009-01-14,2009-01-20,433.627,433.627,6.002,442.235,423.985,1,3,0
2009-01-21,2009-01-27,426.196,426.196,5.778,432.687,417.894,1,3,0
2009-01-28,2009-02-03,438.624,438.624,8.366,451.872,427.104,1,3,0
2009-02-04,2009-02-10,456.405,456.405,7.54,466.682,449.279,3,1,0
2009-02-11,2009-02-17,438.686,438.686,10.104,453.009,421.66,1,3,0
2009-02-18,2009-02-24,405.341,405.341,13.355,421.521,389.575,1,3,0
2009-02-25,2009-03-03,380.667,380.667,9.402,394.262,369.072,1,3,0
2009-03-04,2009-03-10,376.637,376.637,10.061,389.094,366.641,2,2,0
2009-03-11,2009-03-17,397.125,397.125,4.347,404.454,391.41,2,2,0
2009-03-18,2009-03-24,409.445,409.445,7.514,418.736,399.632,4,0,0
2009-03-25,2009-03-31,415.204,415.204,10.028,425.937,398.923,2,2,0
2009-04-01,2009-04-07,431.406,431.406,9.431,438.499,413.107,2,2,0
2009-04-08,2009-04-14,447.766,447.766,6.508,455.701,435.792,2,0,2
2009-04-15,2009-04-21,456.48,456.48,7.061,467.684,448.63,3,1,0
2009-04-22,2009-04-28,462.169,462.169,5.644,469.407,453.821,2,2,0
2009-04-29,2009-05-05,479.979,479.979,6.969,490.245,470.456,2,1,1
2009-05-06,2009-05-12,486.395,486.395,3.595,491.39,480.41,1,3,0
2009-05-13,2009-05-19,480.303,480.303,9.063,495.962,472.761,3,1,0
2009-05-20,2009-05-26,495.248,495.248,5.206,503.894,490.067,2,2,0
2009-05-27,2009-06-02,503.222,503.222,9.37,514.406,493.288,3,1,0
2009-06-03,2009-06-09,503.979,503.979,3.23,507.703,499.786,2,2,0
2009-06-10,2009-06-16,500.167,500.167,9.269,510.726,488.994,2,2,0
2009-06-17,2009-06-23,477.549,477.549,6.316,483.946,469.34,3,1,0
2009-06-24,2009-06-30,482.135,482.135,3.711,488.509,477.647,1,3,0
2009-07-01,2009-07-07,471.643,471.643,10.388,490.544,459.819,0,4,0
2009-07-08,2009-07-14,465.661,465.661,8.266,478.169,457.265,3,1,0
2009-07-15,2009-07-21,499.763,499.763,5.853,509.397,492.844,4,0,0
2009-07-22,2009-07-28,520.49,520.49,4.985,525.155,512.156,2,2,0
2009-07-29,2009-08-04,536.14,536.14,5.75,542.685,527.032,2,2,0
2009-08-05,2009-08-11,537.718,537.718,5.89,545.896,528.581,2,2,0
2009-08-12,2009-08-18,530.253,530.253,7.056,540.111,520.161,2,2,0
2009-08-19,2009-08-25,541.652,541.652,12.468,555.709,523.198,4,0,0
2009-08-26,2009-09-01,546.031,546.031,7.052,552.197,532.729,1,3,0
2009-09-02,2009-09-08,539.019,539.019,7.296,548.173,530.142,3,1,0
2009-09-09,2009-09-15,560.845,560.845,2.078,562.898,557.426,3,1,0
2009-09-16,2009-09-22,570.265,570.265,2.01,573.114,566.865,2,2,0
2009-09-23,2009-09-29,566.77,566.77,6.219,573.631,558.141,1,3,0
2009-09-30,2009-10-06,557.282,557.282,8.137,567.516,546.79,2,2,0
2009-10-07,2009-10-13,571.334,571.334,4.509,578.323,564.075,2,2,0
2009-10-14,2009-10-20,581.853,581.853,4.066,585.414,574.339,1,3,0
2009-10-21,2009-10-27,572.277,572.277,7.533,583.349,563.502,0,4,0
2009-10-28,2009-11-03,545.657,545.657,7.969,558.745,535.335,2,2,0
2009-11-04,2009-11-10,552.926,552.926,7.277,561.972,544.423,3,1,0
2009-11-11,2009-11-17,572.048,572.048,5.919,580.482,566.396,2,2,0
2009-11-18,2009-11-24,574.475,574.475,5.316,580.148,566.315,1,3,0
2009-11-25,2009-12-01,570.107,570.107,7.686,580.302,561.417,2,2,0
2009-12-02,2009-12-08,576.86,576.86,4.3,581.765,568.858,1,3,0
2009-12-09,2009-12-15,574.535,574.535,6.09,581.134,564.784,4,0,0
2009-12-16,2009-12-22,589.106,589.106,4.572,594.569,583.121,2,2,0
2009-12-23,2009-12-29,597.736,597.736,2.455,601.155,595.744,2,0,2
2009-12-30,2010-01-05,599.049,599.049,4.082,604.83,595.743,1,1,2
2010-01-06,2010-01-12,601.496,601.496,3.671,604.05,594.3,2,2,0
2010-01-13,2010-01-19,594.46,594.46,4.174,598.888,587.597,3,1,0
2010-01-20,2010-01-26,571.882,571.882,7.628,585.153,563.137,1,3,0
2010-01-27,2010-02-02,563.129,563.129,5.586,570.966,554.033,3,1,0
2010-02-03,2010-02-09,552.456,552.456,8.031,567.209,543.434,2,2,0
2010-02-10,2010-02-16,552.878,552.878,3.408,559.212,550.039,2,2,0
2010-02-17,2010-02-23,566.866,566.866,3.991,572.205,560.407,2,2,0
2010-02-24,2010-03-02,564.727,564.727,8.684,577.656,553.233,3,1,0
2010-03-03,2010-03-09,585.047,585.047,3.668,588.589,579.532,2,2,0
2010-03-10,2010-03-16,593.7,593.7,2.195,597.099,590.356,2,2,0
2010-03-17,2010-03-23,600.476,600.476,1.668,602.428,598.243,2,2,0
2010-03-24,2010-03-30,611.826,611.826,4.141,615.685,603.9,2,2,0
2010-03-31,2010-04-06,622.249,622.249,3.507,625.221,615.355,2,0,2
2010-04-07,2010-04-13,622.509,622.509,2.877,625.069,617.183,2,2,0
2010-04-14,2010-04-20,623.548,623.548,5.313,629.145,616.244,2,2,0
2010-04-21,2010-04-27,623.005,623.005,6.328,633.21,615.951,2,2,0
2010-04-28,2010-05-04,610.775,610.775,5.725,616.692,600.686,2,2,0
2010-05-05,2010-05-11,592.748,592.748,11.556,603.771,571.509,2,2,0
2010-05-12,2010-05-18,614.3,614.3,7.337,625.197,605.671,3,1,0
2010-05-19,2010-05-25,583.23,583.23,10.273,598.867,567.004,0,4,0
2010-05-26,2010-06-01,591.739,591.739,8.112,598.127,575.802,4,0,0
2010-06-02,2010-06-08,594.964,594.964,6.435,605.463,586.855,1,3,0
2010-06-09,2010-06-15,607.784,607.784,6.587,617.505,598.475,3,1,0
2010-06-16,2010-06-22,623.869,623.869,3.702,629.297,619.091,2,2,0
2010-06-23,2010-06-29,609.997,609.997,8.625,620.452,595.203,1,3,0
