Date,PX_LAST
1997-12-25,412.179
1997-12-26,412.179
1997-12-29,419.737
1997-12-30,424.969
1997-12-31,424.969
1998-01-01,424.969
1998-01-02,431.537
1998-01-05,438.481
1998-01-06,435.263
1998-01-07,439.154
1998-01-08,434.723
1998-01-09,423.694
1998-01-12,408.728
1998-01-13,415.94
1998-01-14,419.008
1998-01-15,414.834
1998-01-16,418.446
1998-01-19,428.494
1998-01-20,430.791
1998-01-21,428.284
1998-01-22,422.025
1998-01-23,423.731
1998-01-26,422.478
1998-01-27,427.876
1998-01-28,439.102
1998-01-29,441.938
1998-01-30,444.038
1998-02-02,452.281
1998-02-03,453.252
1998-02-04,448.695
1998-02-05,454.846
1998-02-06,449.633
1998-02-09,456.355
1998-02-10,452.375
1998-02-11,458.843
1998-02-12,453.683
1998-02-13,450.248
1998-02-16,452.064
1998-02-17,460.24
1998-02-18,462.883
1998-02-19,458.24
1998-02-20,460.265
1998-02-23,465.754
1998-02-24,459.954
1998-02-25,463.582
1998-02-26,469.203
1998-02-27,470.983
1998-03-02,473.674
1998-03-03,475.714
1998-03-04,470.958
1998-03-05,462.34
1998-03-06,471.595
1998-03-09,478.083
1998-03-10,483.443
1998-03-11,483.276
1998-03-12,483.96
1998-03-13,488.965
1998-03-16,488.385
1998-03-17,494.668
1998-03-18,491.972
1998-03-19,493.632
1998-03-20,500.155
1998-03-23,497.132
1998-03-24,502.824
1998-03-25,509.662
1998-03-26,503.976
1998-03-27,508.316
1998-03-30,506.99
1998-03-31,510.235
1998-04-01,515.421
1998-04-02,517.666
1998-04-03,522.352
1998-04-06,527.165
1998-04-07,535.705
1998-04-08,526.946
1998-04-09,531.722
1998-04-10,531.722
1998-04-13,531.722
1998-04-14,537.478
1998-04-15,538.847
1998-04-16,532.414
1998-04-17,526.875
1998-04-20,544.2
1998-04-21,538.894
1998-04-22,536.065
1998-04-23,525.146
1998-04-24,514.428
1998-04-27,508.813
1998-04-28,501.867
1998-04-29,510.848
1998-04-30,510.744
1998-05-01,510.744
1998-05-04,531.466
1998-05-05,523.203
1998-05-06,522.98
1998-05-07,518.623
1998-05-08,525.758
1998-05-11,534.169
1998-05-12,529.735
1998-05-13,537.688
1998-05-14,536.122
1998-05-15,539.314
1998-05-18,534.285
1998-05-19,538.89
1998-05-20,551.098
1998-05-21,551.098
1998-05-22,556.421
1998-05-25,557.516
1998-05-26,564.429
1998-05-27,549.064
1998-05-28,548.126
1998-05-29,556.908
1998-06-01,556.908
1998-06-02,558.278
1998-06-03,561.376
1998-06-04,559.248
1998-06-05,568.85
1998-06-08,577.909
1998-06-09,576.003
1998-06-10,575.446
1998-06-11,575.446
1998-06-12,567.083
1998-06-15,552.732
1998-06-16,559.157
1998-06-17,570.936
1998-06-18,571.806
1998-06-19,570.261
1998-06-22,565.475
1998-06-23,571.871
1998-06-24,577.991
1998-06-25,586.663
1998-06-26,587.042
1998-06-29,591.513
1998-06-30,589.744
1998-07-01,590.685
1998-07-02,590.41
1998-07-03,595.316
1998-07-06,591.837
1998-07-07,596.098
1998-07-08,601.314
1998-07-09,599.677
1998-07-10,598.242
1998-07-13,601.948
1998-07-14,609.528
1998-07-15,610.824
1998-07-16,609.402
1998-07-17,614.787
1998-07-20,617.143
1998-07-21,616.552
1998-07-22,611.073
1998-07-23,605.845
1998-07-24,603.528
1998-07-27,588.5
1998-07-28,588.901
1998-07-29,585.363
1998-07-30,588.087
1998-07-31,587.392
1998-08-03,575.877
1998-08-04,575.62
1998-08-05,563.251
1998-08-06,551.764
1998-08-07,558.122
1998-08-10,547.625
1998-08-11,526.84
1998-08-12,540.237
1998-08-13,535.623
1998-08-14,544.79
1998-08-17,545.658
1998-08-18,556.888
1998-08-19,559.641
1998-08-20,548.822
1998-08-21,516.351
1998-08-24,523.488
1998-08-25,537.176
1998-08-26,523.161
1998-08-27,506.084
1998-08-28,499.354
1998-08-31,483.389
1998-09-01,479.181
1998-09-02,497.05
1998-09-03,481.218
1998-09-04,482.025
1998-09-07,492.337
1998-09-08,510.384
1998-09-09,504.087
1998-09-10,474.733
1998-09-11,473.715
1998-09-14,489.649
1998-09-15,483.122
1998-09-16,485.797
1998-09-17,466.951
1998-09-18,459.858
1998-09-21,443.387
1998-09-22,457.515
1998-09-23,469.939
1998-09-24,464.625
1998-09-25,456.158
1998-09-28,465.394
1998-09-29,457.827
1998-09-30,447.451
1998-10-01,422.649
1998-10-02,396.25
1998-10-05,403.423
1998-10-06,415.664
1998-10-07,408.783
1998-10-08,389.608
1998-10-09,398.365
1998-10-12,422.549
1998-10-13,427.448
1998-10-14,431.852
1998-10-15,439.905
1998-10-16,448.91
1998-10-19,445.84
1998-10-20,459.582
1998-10-21,452.324
1998-10-22,445.428
1998-10-23,445.109
1998-10-26,457.774
1998-10-27,468.245
1998-10-28,453.634
1998-10-29,454.933
1998-10-30,467.112
1998-11-02,476.115
1998-11-03,470.508
1998-11-04,484.172
1998-11-05,481.16
1998-11-06,483.622
1998-11-09,476.858
1998-11-10,466.278
1998-11-11,471.77
1998-11-12,463.989
1998-11-13,463.965
1998-11-16,478.377
1998-11-17,470.263
1998-11-18,469.872
1998-11-19,479.569
1998-11-20,491.188
1998-11-23,501.912
1998-11-24,495.882
1998-11-25,494.437
1998-11-26,505.163
1998-11-27,512.148
1998-11-30,502.27
1998-12-01,478.173
1998-12-02,469.169
1998-12-03,478.708
1998-12-04,477.523
1998-12-07,471.396
1998-12-08,469.934
1998-12-09,466.368
1998-12-10,464.269
1998-12-11,453.62
1998-12-14,452.286
1998-12-15,457.45
1998-12-16,466.345
1998-12-17,472.381
1998-12-18,462.923
1998-12-21,478.093
1998-12-22,482.538
1998-12-23,495.177
1998-12-24,495.177
1998-12-25,495.177
1998-12-28,504.477
1998-12-29,503.187
1998-12-30,500.239
1998-12-31,500.239
1999-01-01,500.239
1999-01-04,525.236
1999-01-05,525.391
1999-01-06,544.362
1999-01-07,532.321
1999-01-08,539.284
1999-01-11,527.06
1999-01-12,520.01
1999-01-13,493.18
1999-01-14,491.275
1999-01-15,496.022
1999-01-18,505.04
1999-01-19,507.315
1999-01-20,514.306
1999-01-21,515.667
1999-01-22,501.928
1999-01-25,498.245
1999-01-26,498.68
1999-01-27,506.118
1999-01-28,509.641
1999-01-29,515.996
1999-02-01,519.082
1999-02-02,516.687
1999-02-03,508.566
1999-02-04,507.785
1999-02-05,508.077
1999-02-08,502.722
1999-02-09,490.435
1999-02-10,479.682
1999-02-11,483.933
1999-02-12,488.874
1999-02-15,487.955
1999-02-16,490.468
1999-02-17,481.009
1999-02-18,484.508
1999-02-19,480.238
1999-02-22,484.518
1999-02-23,498.756
1999-02-24,506.231
1999-02-25,495.858
1999-02-26,491.181
1999-03-01,478.431
1999-03-02,480.402
1999-03-03,469.767
1999-03-04,467.872
1999-03-05,483.909
1999-03-08,478.869
1999-03-09,475.846
1999-03-10,472.141
1999-03-11,475.441
1999-03-12,500.816
1999-03-15,502.924
1999-03-16,509.463
1999-03-17,507.743
1999-03-18,501.362
1999-03-19,509.948
1999-03-22,502.706
1999-03-23,491.503
1999-03-24,478.013
1999-03-25,486.381
1999-03-26,477.517
1999-03-29,487.692
1999-03-30,485.684
1999-03-31,488.42
1999-04-01,491.459
1999-04-02,491.459
1999-04-05,491.459
1999-04-06,496.529
1999-04-07,505.227
1999-04-08,506.875
1999-04-09,512.418
1999-04-12,515.916
1999-04-13,519.918
1999-04-14,518.216
1999-04-15,518.101
1999-04-16,515.535
1999-04-19,522.015
1999-04-20,508.729
1999-04-21,516.329
1999-04-22,521.882
1999-04-23,519.542
1999-04-26,525.622
1999-04-27,534.75
1999-04-28,534.861
1999-04-29,533.442
1999-04-30,539.311
1999-05-03,537.756
1999-05-04,538.321
1999-05-05,530.722
1999-05-06,527.445
1999-05-07,529.738
1999-05-10,520.595
1999-05-11,524.915
1999-05-12,524.802
1999-05-13,524.802
1999-05-14,517.325
1999-05-17,511.447
1999-05-18,515.494
1999-05-19,518.151
1999-05-20,523.564
1999-05-21,526.468
1999-05-24,526.468
1999-05-25,514.31
1999-05-26,516.044
1999-05-27,508.383
1999-05-28,506.873
1999-05-31,506.983
1999-06-01,502.124
1999-06-02,499.783
1999-06-03,499.783
1999-06-04,510.781
1999-06-07,519.015
1999-06-08,521.108
1999-06-09,525.389
1999-06-10,520.647
1999-06-11,526.215
1999-06-14,526.887
1999-06-15,534.286
1999-06-16,538.125
1999-06-17,541.2
1999-06-18,543.032
1999-06-21,546.847
1999-06-22,546.867
1999-06-23,539.911
1999-06-24,532.76
1999-06-25,530.121
1999-06-28,535.695
1999-06-29,535.953
1999-06-30,537.852
1999-07-01,548.022
1999-07-02,551.905
1999-07-05,562.562
1999-07-06,561.29
1999-07-07,558.85
1999-07-08,560.71
1999-07-09,563.895
1999-07-12,565.202
1999-07-13,557.382
1999-07-14,561.089
1999-07-15,561.926
1999-07-16,561.994
1999-07-19,562.474
1999-07-20,549.129
1999-07-21,541.417
1999-07-22,534.091
1999-07-23,531.063
1999-07-26,520.644
1999-07-27,522.416
1999-07-28,522.956
1999-07-29,505.232
1999-07-30,510.187
1999-08-02,512.95
1999-08-03,510.768
1999-08-04,511.937
1999-08-05,497.845
1999-08-06,501.047
1999-08-09,508.73
1999-08-10,500.087
1999-08-11,501.969
1999-08-12,512.743
1999-08-13,521.943
1999-08-16,525.71
1999-08-17,525.991
1999-08-18,523.047
1999-08-19,518.685
1999-08-20,525.414
1999-08-23,530.198
1999-08-24,532.402
1999-08-25,540.032
1999-08-26,538.934
1999-08-27,542.036
1999-08-30,539.253
1999-08-31,527.077
1999-09-01,531.712
1999-09-02,518.992
1999-09-03,533.622
1999-09-06,540.055
1999-09-07,539.136
1999-09-08,540.07
1999-09-09,543.686
1999-09-10,548.395
1999-09-13,544.691
1999-09-14,540.147
1999-09-15,538.718
1999-09-16,530.442
1999-09-17,530.394
1999-09-20,535.198
1999-09-21,528.276
1999-09-22,523.876
1999-09-23,529.957
1999-09-24,518.653
1999-09-27,523.964
1999-09-28,511.91
1999-09-29,513.562
1999-09-30,514.983
1999-10-01,512.455
1999-10-04,521.886
1999-10-05,530.185
1999-10-06,535.332
1999-10-07,541.931
1999-10-08,541.926
1999-10-11,541.45
1999-10-12,535.846
1999-10-13,529.543
1999-10-14,522.029
1999-10-15,518.423
1999-10-18,515.628
1999-10-19,529.691
1999-10-20,529.123
1999-10-21,524.649
1999-10-22,535.775
1999-10-25,532.04
1999-10-26,538.876
1999-10-27,536.386
1999-10-28,547.889
1999-10-29,552.54
1999-11-01,552.492
1999-11-02,554.695
1999-11-03,556.087
1999-11-04,563.562
1999-11-05,565.81
1999-11-08,564.794
1999-11-09,569.473
1999-11-10,574.242
1999-11-11,580.236
1999-11-12,579.105
1999-11-15,585.929
1999-11-16,590.952
1999-11-17,587.017
1999-11-18,595.005
1999-11-19,595.597
1999-11-22,581.989
1999-11-23,581.474
1999-11-24,581.873
1999-11-25,596.145
1999-11-26,595.807
1999-11-29,588.888
1999-11-30,589.604
1999-12-01,593.384
1999-12-02,593.72
1999-12-03,611.917
1999-12-06,614.219
1999-12-07,615.877
1999-12-08,611.559
1999-12-09,611.806
1999-12-10,609.79
1999-12-13,612.72
1999-12-14,618.799
1999-12-15,623.275
1999-12-16,634.129
1999-12-17,635.39
1999-12-20,637.866
1999-12-21,641.868
1999-12-22,649.253
1999-12-23,678.239
1999-12-24,678.239
1999-12-27,683.741
1999-12-28,686.154
1999-12-29,685.958
1999-12-30,695.814
1999-12-31,695.814
2000-01-03,675.076
2000-01-04,658.695
2000-01-05,650.207
2000-01-06,647.492
2000-01-07,678.096
2000-01-10,692.552
2000-01-11,689.125
2000-01-12,691.281
2000-01-13,695.598
2000-01-14,717.322
2000-01-17,725.89
2000-01-18,707.212
2000-01-19,709.104
2000-01-20,711.266
2000-01-21,699.275
2000-01-24,693.199
2000-01-25,680.964
2000-01-26,696.937
2000-01-27,712.613
2000-01-28,706.66
2000-01-31,683.56
2000-02-01,705.046
2000-02-02,717.195
2000-02-03,735.426
2000-02-04,744.461
2000-02-07,729.632
2000-02-08,754.988
2000-02-09,762.911
2000-02-10,770.927
2000-02-11,761.155
2000-02-14,764.48
2000-02-15,739.613
2000-02-16,749.032
2000-02-17,758.053
2000-02-18,757.378
2000-02-21,759.053
2000-02-22,760.794
2000-02-23,769.897
2000-02-24,764.053
2000-02-25,773.868
2000-02-28,758.713
2000-02-29,764.455
2000-03-01,772.793
2000-03-02,794.577
2000-03-03,796.003
2000-03-06,797.578
2000-03-07,806.497
2000-03-08,798.7
2000-03-09,794.915
2000-03-10,797.595
2000-03-13,769.385
2000-03-14,765.005
2000-03-15,741.446
2000-03-16,758.396
2000-03-17,771.092
2000-03-20,787.238
2000-03-21,780.793
2000-03-22,779.862
2000-03-23,769.478
2000-03-24,793.242
2000-03-27,789.249
2000-03-28,793.193
2000-03-29,786.476
2000-03-30,764.489
2000-03-31,759.939
2000-04-03,742.922
2000-04-04,752.28
2000-04-05,733.077
2000-04-06,744.621
2000-04-07,752.22
2000-04-10,751.695
2000-04-11,744.266
2000-04-12,744.307
2000-04-13,744.906
2000-04-14,721.483
2000-04-17,718.714
2000-04-18,719.649
2000-04-19,721.671
2000-04-20,715.795
2000-04-21,715.795
2000-04-24,715.795
2000-04-25,728.051
2000-04-26,738.855
2000-04-27,722.174
2000-04-28,741.468
2000-05-01,741.468
2000-05-02,755.592
2000-05-03,737.693
2000-05-04,738.671
2000-05-05,753.082
2000-05-08,740.809
2000-05-09,728.054
2000-05-10,712.086
2000-05-11,725.948
2000-05-12,726.928
2000-05-15,719.515
2000-05-16,737.106
2000-05-17,721.151
2000-05-18,718.158
2000-05-19,698.903
2000-05-22,691.296
2000-05-23,692.769
2000-05-24,683.488
2000-05-25,697.887
2000-05-26,693.833
2000-05-29,701.666
2000-05-30,711.926
2000-05-31,710.967
2000-06-01,727.276
2000-06-02,743.895
2000-06-05,740.802
2000-06-06,735.98
2000-06-07,729.298
2000-06-08,724.313
2000-06-09,725.453
2000-06-12,723.564
2000-06-13,726.891
2000-06-14,735.094
2000-06-15,732.862
2000-06-16,713.14
2000-06-19,719.88
2000-06-20,722.727
2000-06-21,710.009
2000-06-22,705.367
2000-06-23,698.041
2000-06-26,702.719
2000-06-27,704.896
2000-06-28,705.605
2000-06-29,687.454
2000-06-30,689.821
2000-07-03,695.896
2000-07-04,694.436
2000-07-05,696.173
2000-07-06,695.109
2000-07-07,705.222
2000-07-10,707.082
2000-07-11,700.398
2000-07-12,706.597
2000-07-13,719.599
2000-07-14,731.838
2000-07-17,743.07
2000-07-18,740.691
2000-07-19,736.657
2000-07-20,748.014
2000-07-21,737.326
2000-07-24,732.831
2000-07-25,732.904
2000-07-26,730.212
2000-07-27,718.344
2000-07-28,712.83
2000-07-31,719.037
2000-08-01,714.553
2000-08-02,711.245
2000-08-03,703.791
2000-08-04,701.659
2000-08-07,711.322
2000-08-08,712.381
2000-08-09,722.671
2000-08-10,728.097
2000-08-11,732.298
2000-08-14,733.167
2000-08-15,730.743
2000-08-16,731.527
2000-08-17,727.843
2000-08-18,723.242
2000-08-21,719.934
2000-08-22,724.92
2000-08-23,723.278
2000-08-24,723.026
2000-08-25,730.717
2000-08-28,733.922
2000-08-29,729.44
2000-08-30,718.556
2000-08-31,721.645
2000-09-01,734.467
2000-09-04,744.556
2000-09-05,739.507
2000-09-06,733.302
2000-09-07,737.334
2000-09-08,726.777
2000-09-11,721.445
2000-09-12,713.575
2000-09-13,700.626
2000-09-14,704.85
2000-09-15,699.954
2000-09-18,689.169
2000-09-19,693.774
2000-09-20,676.523
2000-09-21,668.292
2000-09-22,674.025
2000-09-25,678.869
2000-09-26,676.504
2000-09-27,681.406
2000-09-28,683.276
2000-09-29,679.812
2000-10-02,686.226
2000-10-03,686.226
2000-10-04,682.343
2000-10-05,689.249
2000-10-06,677.639
2000-10-09,668.078
2000-10-10,667.315
2000-10-11,656.163
2000-10-12,646.526
2000-10-13,666.13
2000-10-16,662.725
2000-10-17,653.171
2000-10-18,648.3
2000-10-19,661.943
2000-10-20,661.843
2000-10-23,662.087
2000-10-24,680.281
2000-10-25,674.822
2000-10-26,676.79
2000-10-27,692.468
2000-10-30,692.657
2000-10-31,707.744
2000-11-01,705.907
2000-11-02,708.864
2000-11-03,712.827
2000-11-06,713.63
2000-11-07,707.628
2000-11-08,700.864
2000-11-09,695.95
2000-11-10,685.169
2000-11-13,674.21
2000-11-14,696.665
2000-11-15,696.109
2000-11-16,684.211
2000-11-17,675.229
2000-11-20,660.948
2000-11-21,667.807
2000-11-22,651.054
2000-11-23,660.1
2000-11-24,666.418
2000-11-27,669.691
2000-11-28,662.556
2000-11-29,659.832
2000-11-30,637.233
2000-12-01,651.291
2000-12-04,640.81
2000-12-05,663.709
2000-12-06,662.225
2000-12-07,656.608
2000-12-08,669.125
2000-12-11,678.252
2000-12-12,673.359
2000-12-13,662.021
2000-12-14,646.995
2000-12-15,633.13
2000-12-18,639.025
2000-12-19,647.928
2000-12-20,624.876
2000-12-21,620.071
2000-12-22,625.14
2000-12-25,625.14
2000-12-26,625.14
2000-12-27,632.816
2000-12-28,637.164
2000-12-29,643.361
2001-01-01,643.361
2001-01-02,628.982
2001-01-03,643.496
2001-01-04,637.654
2001-01-05,638.231
2001-01-08,639.217
2001-01-09,640.452
2001-01-10,632.007
2001-01-11,646.521
2001-01-12,649.003
2001-01-15,652.287
2001-01-16,650.289
2001-01-17,665.338
2001-01-18,663.576
2001-01-19,665.153
2001-01-22,667.5
2001-01-23,672.241
2001-01-24,670.667
2001-01-25,672.749
2001-01-26,669.52
2001-01-29,675.096
2001-01-30,673.93
2001-01-31,679.514
2001-02-01,670.468
2001-02-02,663.82
2001-02-05,662.807
2001-02-06,669.303
2001-02-07,657.896
2001-02-08,663.681
2001-02-09,649.707
2001-02-12,656.491
2001-02-13,655.793
2001-02-14,647.987
2001-02-15,659.167
2001-02-16,643.926
2001-02-19,647.221
2001-02-20,645.157
2001-02-21,634.799
2001-02-22,627.799
2001-02-23,607.534
2001-02-26,618.907
2001-02-27,622.048
2001-02-28,620.824
2001-03-01,612.338
2001-03-02,615.902
2001-03-05,621.638
2001-03-06,628.406
2001-03-07,630.564
2001-03-08,626.706
2001-03-09,620.442
2001-03-12,604.656
2001-03-13,596.293
2001-03-14,579.412
2001-03-15,588.995
2001-03-16,573.449
2001-03-19,565.729
2001-03-20,578.216
2001-03-21,562.209
2001-03-22,538.802
2001-03-23,554.467
2001-03-26,572.697
2001-03-27,593.821
2001-03-28,581.752
2001-03-29,587.93
2001-03-30,582.995
2001-04-02,576.076
2001-04-03,555.346
2001-04-04,559.766
2001-04-05,577.334
2001-04-06,569.888
2001-04-09,578.101
2001-04-10,591.384
2001-04-11,595.116
2001-04-12,600.23
2001-04-13,600.23
2001-04-16,600.23
2001-04-17,593.558
2001-04-18,616.488
2001-04-19,618.191
2001-04-20,612.797
2001-04-23,605.148
2001-04-24,612.457
2001-04-25,611.519
2001-04-26,612.366
2001-04-27,617.524
2001-04-30,626.451
2001-05-01,626.451
2001-05-02,621.384
2001-05-03,608.917
2001-05-04,613.828
2001-05-07,612.262
2001-05-08,610.872
2001-05-09,606.394
2001-05-10,616.518
2001-05-11,614.102
2001-05-14,606.468
2001-05-15,607.038
2001-05-16,614.844
2001-05-17,617.381
2001-05-18,618.687
2001-05-21,624.987
2001-05-22,627.059
2001-05-23,621.525
2001-05-24,627.89
2001-05-25,622.357
2001-05-28,621.683
2001-05-29,612.033
2001-05-30,604.122
2001-05-31,612.326
2001-06-01,612.517
2001-06-04,617.774
2001-06-05,624.213
2001-06-06,619.244
2001-06-07,618.425
2001-06-08,618.721
2001-06-11,616.274
2001-06-12,605.915
2001-06-13,611.194
2001-06-14,603.127
2001-06-15,591.518
2001-06-18,586.904
2001-06-19,592.253
2001-06-20,587.604
2001-06-21,592.638
2001-06-22,594.177
2001-06-25,590.232
2001-06-26,584.779
2001-06-27,583.31
2001-06-28,597.177
2001-06-29,605.838
2001-07-02,610.95
2001-07-03,605.684
2001-07-04,601.572
2001-07-05,599.919
2001-07-06,586.21
2001-07-09,586.986
2001-07-10,581.632
2001-07-11,580.18
2001-07-12,588.988
2001-07-13,592.801
2001-07-16,585.376
2001-07-17,584.666
2001-07-18,572.837
2001-07-19,582.969
2001-07-20,576.406
2001-07-23,579.173
2001-07-24,566.326
2001-07-25,558.276
2001-07-26,567.576
2001-07-27,575.486
2001-07-30,579.219
2001-07-31,586.119
2001-08-01,583.523
2001-08-02,577.728
2001-08-03,573.588
2001-08-06,574.604
2001-08-07,575.251
2001-08-08,561.451
2001-08-09,551.228
2001-08-10,543.349
2001-08-13,545.377
2001-08-14,552.071
2001-08-15,545.544
2001-08-16,536.192
2001-08-17,522.212
2001-08-20,520.783
2001-08-21,521.611
2001-08-22,522.021
2001-08-23,525.404
2001-08-24,538.75
2001-08-27,540.647
2001-08-28,530.878
2001-08-29,530.5
2001-08-30,516.24
2001-08-31,518.817
2001-09-03,509.41
2001-09-04,520.81
2001-09-05,504.808
2001-09-06,487.537
2001-09-07,473.067
2001-09-10,467.013
2001-09-11,427.353
2001-09-12,433.52
2001-09-13,439.24
2001-09-14,411.598
2001-09-17,423.455
2001-09-18,419.485
2001-09-19,404.18
2001-09-20,380.967
2001-09-21,378.723
2001-09-24,403.869
2001-09-25,400.912
2001-09-26,409.532
2001-09-27,418.45
2001-09-28,430.815
2001-10-01,423.997
2001-10-02,430.42
2001-10-03,443.666
2001-10-04,454.813
2001-10-05,448.769
2001-10-08,449.515
2001-10-09,447.242
2001-10-10,461.319
2001-10-11,471.846
2001-10-12,462.513
2001-10-15,454.848
2001-10-16,462.648
2001-10-17,464.482
2001-10-18,457.437
2001-10-19,451.353
2001-10-22,461.932
2001-10-23,470.422
2001-10-24,481.182
2001-10-25,471.56
2001-10-26,482.026
2001-10-29,466.035
2001-10-30,454.398
2001-10-31,455.913
2001-11-01,463.613
2001-11-02,458.331
2001-11-05,475.511
2001-11-06,470.765
2001-11-07,486.066
2001-11-08,499.357
2001-11-09,491.007
2001-11-12,482.037
2001-11-13,494.697
2001-11-14,495.353
2001-11-15,500.633
2001-11-16,506.264
2001-11-19,518.51
2001-11-20,509.618
2001-11-21,508.703
2001-11-22,512.454
2001-11-23,515.097
2001-11-26,511.412
2001-11-27,505.957
2001-11-28,491.595
2001-11-29,493.608
2001-11-30,498.991
2001-12-03,498.844
2001-12-04,501.399
2001-12-05,526.275
2001-12-06,527.129
2001-12-07,519.903
2001-12-10,512.468
2001-12-11,514.645
2001-12-12,506.256
2001-12-13,496.605
2001-12-14,490.942
2001-12-17,506.799
2001-12-18,503.964
2001-12-19,498.469
2001-12-20,493.414
2001-12-21,501.901
2001-12-24,501.901
2001-12-25,501.901
2001-12-26,501.901
2001-12-27,511.713
2001-12-28,516.01
2001-12-31,516.01
2002-01-01,516.01
2002-01-02,516.788
2002-01-03,527.029
2002-01-04,531.873
2002-01-07,523.222
2002-01-08,523.637
2002-01-09,528.821
2002-01-10,522.811
2002-01-11,520.997
2002-01-14,506.584
2002-01-15,506.204
2002-01-16,498.42
2002-01-17,513.34
2002-01-18,512.223
2002-01-21,506.974
2002-01-22,504.572
2002-01-23,516.303
2002-01-24,517.044
2002-01-25,515.663
2002-01-28,515.902
2002-01-29,508.452
2002-01-30,505.22
2002-01-31,510.761
2002-02-01,509.706
2002-02-04,498.448
2002-02-05,493.675
2002-02-06,480.441
2002-02-07,486.262
2002-02-08,483.595
2002-02-11,494.0
2002-02-12,488.478
2002-02-13,493.535
2002-02-14,497.377
2002-02-15,486.26
2002-02-18,487.176
2002-02-19,476.405
2002-02-20,478.024
2002-02-21,485.073
2002-02-22,474.558
2002-02-25,486.354
2002-02-26,489.775
2002-02-27,496.022
2002-02-28,503.908
2002-03-01,509.741
2002-03-04,524.584
2002-03-05,522.867
2002-03-06,528.526
2002-03-07,528.943
2002-03-08,535.955
2002-03-11,534.067
2002-03-12,527.581
2002-03-13,524.599
2002-03-14,527.687
2002-03-15,540.111
2002-03-18,542.604
2002-03-19,546.255
2002-03-20,536.47
2002-03-21,534.868
2002-03-22,536.613
2002-03-25,531.738
2002-03-26,539.059
2002-03-27,534.8
2002-03-28,539.729
2002-03-29,539.729
2002-04-01,539.729
2002-04-02,531.108
2002-04-03,528.184
2002-04-04,525.495
2002-04-05,526.053
2002-04-08,518.033
2002-04-09,517.025
2002-04-10,526.536
2002-04-11,516.296
2002-04-12,518.965
2002-04-15,524.42
2002-04-16,534.388
2002-04-17,531.855
2002-04-18,526.288
2002-04-19,528.455
2002-04-22,520.548
2002-04-23,519.21
2002-04-24,516.014
2002-04-25,505.441
2002-04-26,500.038
2002-04-29,500.804
2002-04-30,504.12
2002-05-01,504.12
2002-05-02,496.456
2002-05-03,488.277
2002-05-06,488.067
2002-05-07,487.241
2002-05-08,502.859
2002-05-09,496.648
2002-05-10,487.17
2002-05-13,497.548
2002-05-14,504.908
2002-05-15,507.239
2002-05-16,504.745
2002-05-17,503.641
2002-05-20,499.899
2002-05-21,498.461
2002-05-22,491.95
2002-05-23,487.95
2002-05-24,489.913
2002-05-27,496.154
2002-05-28,491.858
2002-05-29,488.18
2002-05-30,476.196
2002-05-31,481.83
2002-06-03,474.795
2002-06-04,462.579
2002-06-05,462.431
2002-06-06,465.752
2002-06-07,461.018
2002-06-10,458.926
2002-06-11,460.609
2002-06-12,451.019
2002-06-13,447.014
2002-06-14,430.385
2002-06-17,447.51
2002-06-18,443.385
2002-06-19,435.482
2002-06-20,424.568
2002-06-21,423.24
2002-06-24,412.721
2002-06-25,420.297
2002-06-26,409.905
2002-06-27,425.943
2002-06-28,438.256
2002-07-01,436.681
2002-07-02,419.595
2002-07-03,413.815
2002-07-04,425.862
2002-07-05,448.303
2002-07-08,444.233
2002-07-09,436.976
2002-07-10,419.022
2002-07-11,411.85
2002-07-12,413.08
2002-07-15,391.251
2002-07-16,397.775
2002-07-17,409.282
2002-07-18,410.075
2002-07-19,389.188
2002-07-22,369.143
2002-07-23,351.583
2002-07-24,363.266
2002-07-25,352.046
2002-07-26,357.9
2002-07-29,385.978
2002-07-30,387.894
2002-07-31,370.014
2002-08-01,360.645
2002-08-02,353.249
2002-08-05,333.265
2002-08-06,356.864
2002-08-07,346.554
2002-08-08,367.926
2002-08-09,376.086
2002-08-12,364.713
2002-08-13,368.321
2002-08-14,358.992
2002-08-15,366.574
2002-08-16,368.469
2002-08-19,383.767
2002-08-20,376.851
2002-08-21,386.817
2002-08-22,390.655
2002-08-23,382.826
2002-08-26,378.384
2002-08-27,385.134
2002-08-28,368.284
2002-08-29,366.095
2002-08-30,371.294
2002-09-02,360.941
2002-09-03,339.899
2002-09-04,342.59
2002-09-05,335.471
2002-09-06,348.568
2002-09-09,342.922
2002-09-10,349.469
2002-09-11,358.469
2002-09-12,342.187
2002-09-13,336.128
2002-09-16,331.905
2002-09-17,328.913
2002-09-18,312.492
2002-09-19,300.747
2002-09-20,306.573
2002-09-23,291.425
2002-09-24,287.321
2002-09-25,296.25
2002-09-26,302.06
2002-09-27,291.89
2002-09-30,276.903
2002-10-01,286.523
2002-10-02,292.674
2002-10-03,281.33
2002-10-04,271.462
2002-10-07,266.739
2002-10-08,262.209
2002-10-09,259.788
2002-10-10,273.319
2002-10-11,293.074
2002-10-14,285.011
2002-10-15,304.827
2002-10-16,300.893
2002-10-17,317.246
2002-10-18,316.367
2002-10-21,328.267
2002-10-22,315.597
2002-10-23,301.542
2002-10-24,309.001
2002-10-25,310.201
2002-10-28,319.896
2002-10-29,302.201
2002-10-30,311.359
2002-10-31,315.285
2002-11-01,316.516
2002-11-04,332.794
2002-11-05,335.132
2002-11-06,329.884
2002-11-07,315.566
2002-11-08,307.91
2002-11-11,304.206
2002-11-12,311.588
2002-11-13,306.642
2002-11-14,318.839
2002-11-15,319.176
2002-11-18,321.836
2002-11-19,320.693
2002-11-20,321.299
2002-11-21,330.463
2002-11-22,332.088
2002-11-25,329.924
2002-11-26,319.163
2002-11-27,334.614
2002-11-28,336.076
2002-11-29,332.032
2002-12-02,338.02
2002-12-03,328.049
2002-12-04,332.075
2002-12-05,322.474
2002-12-06,320.753
2002-12-09,306.557
2002-12-10,316.799
2002-12-11,319.605
2002-12-12,311.188
2002-12-13,307.706
2002-12-16,320.529
2002-12-17,313.997
2002-12-18,302.269
2002-12-19,296.141
2002-12-20,302.422
2002-12-23,300.084
2002-12-24,300.084
2002-12-25,300.084
2002-12-26,300.084
2002-12-27,284.0
2002-12-30,289.263
2002-12-31,289.263
2003-01-01,289.263
2003-01-02,310.504
2003-01-03,309.294
2003-01-06,315.725
2003-01-07,311.277
2003-01-08,299.3
2003-01-09,303.768
2003-01-10,303.733
2003-01-13,306.065
2003-01-14,309.872
2003-01-15,304.94
2003-01-16,305.411
2003-01-17,291.882
2003-01-20,289.355
2003-01-21,287.057
2003-01-22,280.325
2003-01-23,281.122
2003-01-24,271.782
2003-01-27,264.38
2003-01-28,267.136
2003-01-29,270.657
2003-01-30,269.378
2003-01-31,274.783
2003-02-03,275.199
2003-02-04,263.298
2003-02-05,272.588
2003-02-06,264.9
2003-02-07,256.934
2003-02-10,258.609
2003-02-11,262.7
2003-02-12,257.125
2003-02-13,255.527
2003-02-14,267.446
2003-02-17,270.897
2003-02-18,274.014
2003-02-19,262.465
2003-02-20,259.126
2003-02-21,264.887
2003-02-24,257.135
2003-02-25,248.55
2003-02-26,245.02
2003-02-27,251.322
2003-02-28,254.705
2003-03-03,254.965
2003-03-04,250.103
2003-03-05,249.802
2003-03-06,243.751
2003-03-07,243.166
2003-03-10,232.904
2003-03-11,230.53
2003-03-12,220.296
2003-03-13,235.431
2003-03-14,240.319
2003-03-17,248.712
2003-03-18,258.461
2003-03-19,261.522
2003-03-20,260.485
2003-03-21,271.506
2003-03-24,254.837
2003-03-25,263.61
2003-03-26,257.933
2003-03-27,258.405
2003-03-28,252.084
2003-03-31,242.387
2003-04-01,245.019
2003-04-02,258.935
2003-04-03,256.981
2003-04-04,265.407
2003-04-07,280.894
2003-04-08,276.779
2003-04-09,273.41
2003-04-10,269.71
2003-04-11,273.395
2003-04-14,277.678
2003-04-15,283.412
2003-04-16,282.468
2003-04-17,289.978
2003-04-18,289.978
2003-04-21,289.978
2003-04-22,296.096
2003-04-23,297.44
2003-04-24,289.162
2003-04-25,283.823
2003-04-28,295.392
2003-04-29,290.896
2003-04-30,294.204
2003-05-01,294.204
2003-05-02,298.6
2003-05-05,301.304
2003-05-06,306.695
2003-05-07,300.564
2003-05-08,288.608
2003-05-09,295.659
2003-05-12,293.726
2003-05-13,290.995
2003-05-14,292.603
2003-05-15,298.938
2003-05-16,298.908
2003-05-19,285.068
2003-05-20,283.893
2003-05-21,282.725
2003-05-22,286.521
2003-05-23,282.283
2003-05-26,282.828
2003-05-27,287.36
2003-05-28,291.954
2003-05-29,290.671
2003-05-30,298.268
2003-06-02,306.456
2003-06-03,302.682
2003-06-04,308.002
2003-06-05,303.976
2003-06-06,312.746
2003-06-09,309.476
2003-06-10,314.034
2003-06-11,317.815
2003-06-12,321.947
2003-06-13,316.871
2003-06-16,326.45
2003-06-17,328.648
2003-06-18,330.415
2003-06-19,324.711
2003-06-20,323.898
2003-06-23,318.639
2003-06-24,321.734
2003-06-25,319.882
2003-06-26,324.122
2003-06-27,322.466
2003-06-30,322.058
2003-07-01,314.655
2003-07-02,324.104
2003-07-03,324.192
2003-07-04,323.961
2003-07-07,333.287
2003-07-08,334.446
2003-07-09,332.243
2003-07-10,326.984
2003-07-11,332.651
2003-07-14,339.607
2003-07-15,338.469
2003-07-16,338.764
2003-07-17,333.068
2003-07-18,336.671
2003-07-21,328.7
2003-07-22,331.815
2003-07-23,330.448
2003-07-24,337.482
2003-07-25,335.689
2003-07-28,341.777
2003-07-29,342.812
2003-07-30,342.903
2003-07-31,348.786
2003-08-01,343.889
2003-08-04,340.531
2003-08-05,343.836
2003-08-06,337.566
2003-08-07,333.189
2003-08-08,333.224
2003-08-11,333.958
2003-08-12,338.171
2003-08-13,339.889
2003-08-14,345.27
2003-08-15,344.393
2003-08-18,350.723
2003-08-19,350.453
2003-08-20,350.123
2003-08-21,356.547
2003-08-22,354.905
2003-08-25,350.009
2003-08-26,345.548
2003-08-27,348.308
2003-08-28,349.267
2003-08-29,348.458
2003-09-01,357.122
2003-09-02,356.72
2003-09-03,364.751
2003-09-04,366.867
2003-09-05,360.771
2003-09-08,364.153
2003-09-09,359.44
2003-09-10,353.687
2003-09-11,356.685
2003-09-12,350.806
2003-09-15,351.631
2003-09-16,356.475
2003-09-17,356.103
2003-09-18,361.202
2003-09-19,357.87
2003-09-22,345.627
2003-09-23,341.102
2003-09-24,330.734
2003-09-25,332.627
2003-09-26,332.485
2003-09-29,332.338
2003-09-30,325.678
2003-10-01,332.983
2003-10-02,327.664
2003-10-03,341.9
2003-10-06,340.491
2003-10-07,335.578
2003-10-08,339.533
2003-10-09,348.19
2003-10-10,347.125
2003-10-13,353.839
2003-10-14,353.813
2003-10-15,357.058
2003-10-16,357.772
2003-10-17,351.667
2003-10-20,355.933
2003-10-21,358.008
2003-10-22,349.06
2003-10-23,349.714
2003-10-24,345.264
2003-10-27,351.71
2003-10-28,358.693
2003-10-29,361.542
2003-10-30,363.966
2003-10-31,365.599
2003-11-03,374.45
2003-11-04,374.171
2003-11-05,371.77
2003-11-06,373.393
2003-11-07,378.256
2003-11-10,374.624
2003-11-11,372.987
2003-11-12,374.834
2003-11-13,376.559
2003-11-14,379.74
2003-11-17,367.454
2003-11-18,366.628
2003-11-19,365.229
2003-11-20,363.804
2003-11-21,364.225
2003-11-24,373.709
2003-11-25,373.316
2003-11-26,371.298
2003-11-27,374.499
2003-11-28,374.595
2003-12-01,382.12
2003-12-02,380.926
2003-12-03,387.566
2003-12-04,387.478
2003-12-05,384.173
2003-12-08,380.654
2003-12-09,384.618
2003-12-10,382.092
2003-12-11,385.885
2003-12-12,386.013
2003-12-15,387.547
2003-12-16,386.598
2003-12-17,384.757
2003-12-18,387.088
2003-12-19,389.842
2003-12-22,387.694
2003-12-23,390.334
2003-12-24,390.334
2003-12-25,390.334
2003-12-26,390.334
2003-12-29,395.272
2003-12-30,396.516
2003-12-31,396.516
2004-01-01,396.516
2004-01-02,401.85
2004-01-05,403.59
2004-01-06,403.544
2004-01-07,400.44
2004-01-08,404.543
2004-01-09,401.618
2004-01-12,399.591
2004-01-13,399.622
2004-01-14,405.521
2004-01-15,406.875
2004-01-16,411.164
2004-01-19,413.992
2004-01-20,410.641
2004-01-21,413.804
2004-01-22,413.986
2004-01-23,415.183
2004-01-26,412.868
2004-01-27,413.442
2004-01-28,415.024
2004-01-29,409.571
2004-01-30,405.86
2004-02-02,407.16
2004-02-03,405.751
2004-02-04,402.837
2004-02-05,401.479
2004-02-06,404.499
2004-02-09,409.897
2004-02-10,411.08
2004-02-11,412.216
2004-02-12,412.165
2004-02-13,405.705
2004-02-16,407.046
2004-02-17,409.586
2004-02-18,409.534
2004-02-19,414.153
2004-02-20,407.335
2004-02-23,406.871
2004-02-24,399.142
2004-02-25,399.534
2004-02-26,400.781
2004-02-27,401.816
2004-03-01,405.443
2004-03-02,410.034
2004-03-03,407.17
2004-03-04,413.378
2004-03-05,412.614
2004-03-08,414.599
2004-03-09,408.755
2004-03-10,404.47
2004-03-11,390.495
2004-03-12,391.538
2004-03-15,381.076
2004-03-16,382.237
2004-03-17,389.679
2004-03-18,382.743
2004-03-19,381.915
2004-03-22,372.923
2004-03-23,372.882
2004-03-24,372.607
2004-03-25,381.192
2004-03-26,382.233
2004-03-29,388.125
2004-03-30,387.404
2004-03-31,385.67
2004-04-01,392.485
2004-04-02,400.76
2004-04-05,404.86
2004-04-06,402.281
2004-04-07,400.116
2004-04-08,401.353
2004-04-09,401.353
2004-04-12,401.353
2004-04-13,407.142
2004-04-14,401.277
2004-04-15,400.461
2004-04-16,403.398
2004-04-19,402.507
2004-04-20,406.113
2004-04-21,402.615
2004-04-22,405.915
2004-04-23,410.362
2004-04-26,412.583
2004-04-27,413.41
2004-04-28,406.574
2004-04-29,400.891
2004-04-30,398.521
2004-05-03,400.765
2004-05-04,399.075
2004-05-05,402.21
2004-05-06,390.946
2004-05-07,389.564
2004-05-10,378.461
2004-05-11,384.984
2004-05-12,377.624
2004-05-13,382.493
2004-05-14,380.31
2004-05-17,375.437
2004-05-18,378.924
2004-05-19,387.226
2004-05-20,383.932
2004-05-21,383.184
2004-05-24,386.784
2004-05-25,382.807
2004-05-26,386.752
2004-05-27,391.333
2004-05-28,390.272
2004-05-31,392.141
2004-06-01,386.418
2004-06-02,388.831
2004-06-03,391.708
2004-06-04,396.193
2004-06-07,401.781
2004-06-08,401.895
2004-06-09,399.776
2004-06-10,402.164
2004-06-11,401.456
2004-06-14,394.865
2004-06-15,398.73
2004-06-16,400.324
2004-06-17,398.546
2004-06-18,399.979
2004-06-21,398.931
2004-06-22,392.839
2004-06-23,394.51
2004-06-24,400.705
2004-06-25,401.335
2004-06-28,406.935
2004-06-29,406.973
2004-06-30,405.273
2004-07-01,403.502
2004-07-02,399.877
2004-07-05,399.573
2004-07-06,394.488
2004-07-07,393.058
2004-07-08,393.448
2004-07-09,392.449
2004-07-12,389.324
2004-07-13,390.388
2004-07-14,389.884
2004-07-15,384.719
2004-07-16,384.593
2004-07-19,381.263
2004-07-20,383.76
2004-07-21,387.748
2004-07-22,380.105
2004-07-23,379.733
2004-07-26,375.259
2004-07-27,381.408
2004-07-28,380.721
2004-07-29,388.968
2004-07-30,389.561
2004-08-02,386.271
2004-08-03,387.732
2004-08-04,382.374
2004-08-05,382.903
2004-08-06,372.774
2004-08-09,369.033
2004-08-10,372.064
2004-08-11,367.891
2004-08-12,365.811
2004-08-13,364.699
2004-08-16,369.911
2004-08-17,370.573
2004-08-18,372.65
2004-08-19,372.299
2004-08-20,371.261
2004-08-23,377.214
2004-08-24,377.1
2004-08-25,378.888
2004-08-26,383.228
2004-08-27,385.118
2004-08-30,383.885
2004-08-31,378.521
2004-09-01,381.762
2004-09-02,383.345
2004-09-03,386.699
2004-09-06,388.758
2004-09-07,388.904
2004-09-08,388.416
2004-09-09,385.122
2004-09-10,388.603
2004-09-13,395.331
2004-09-14,394.775
2004-09-15,394.175
2004-09-16,396.365
2004-09-17,398.807
2004-09-20,397.768
2004-09-21,399.102
2004-09-22,394.235
2004-09-23,390.566
2004-09-24,391.03
2004-09-27,387.437
2004-09-28,388.227
2004-09-29,392.036
2004-09-30,389.29
2004-10-01,399.496
2004-10-04,403.328
2004-10-05,404.871
2004-10-06,404.966
2004-10-07,404.336
2004-10-08,401.554
2004-10-11,401.782
2004-10-12,396.648
2004-10-13,397.603
2004-10-14,394.046
2004-10-15,392.211
2004-10-18,391.517
2004-10-19,396.413
2004-10-20,391.24
2004-10-21,393.406
2004-10-22,393.514
2004-10-25,385.441
2004-10-26,386.226
2004-10-27,392.903
2004-10-28,395.959
2004-10-29,396.025
2004-11-01,401.264
2004-11-02,403.757
2004-11-03,403.904
2004-11-04,404.138
2004-11-05,406.358
2004-11-08,406.897
2004-11-09,406.533
2004-11-10,408.913
2004-11-11,413.081
2004-11-12,414.335
2004-11-15,413.434
2004-11-16,411.722
2004-11-17,418.341
2004-11-18,417.868
2004-11-19,413.489
2004-11-22,412.398
2004-11-23,411.337
2004-11-24,412.53
2004-11-25,416.035
2004-11-26,415.427
2004-11-29,414.698
2004-11-30,412.6
2004-12-01,418.603
2004-12-02,421.64
2004-12-03,420.887
2004-12-06,419.391
2004-12-07,421.262
2004-12-08,420.135
2004-12-09,415.041
2004-12-10,417.455
2004-12-13,421.924
2004-12-14,423.13
2004-12-15,421.369
2004-12-16,423.371
2004-12-17,418.227
2004-12-20,421.155
2004-12-21,421.439
2004-12-22,424.128
2004-12-23,425.162
2004-12-24,425.162
2004-12-27,423.536
2004-12-28,426.179
2004-12-29,424.775
2004-12-30,425.608
2004-12-31,425.608
2005-01-03,429.153
2005-01-04,429.05
2005-01-05,425.824
2005-01-06,430.094
2005-01-07,431.64
2005-01-10,430.737
2005-01-11,425.801
2005-01-12,420.882
2005-01-13,421.214
2005-01-14,423.236
2005-01-17,424.551
2005-01-18,425.071
2005-01-19,424.555
2005-01-20,422.043
2005-01-21,421.37
2005-01-24,420.189
2005-01-25,423.395
2005-01-26,421.412
2005-01-27,421.641
2005-01-28,420.181
2005-01-31,425.485
2005-02-01,427.997
2005-02-02,429.631
2005-02-03,428.164
2005-02-04,433.928
2005-02-07,436.635
2005-02-08,437.139
2005-02-09,435.315
2005-02-10,434.201
2005-02-11,438.78
2005-02-14,438.64
2005-02-15,440.203
2005-02-16,436.877
2005-02-17,436.968
2005-02-18,435.947
2005-02-21,435.334
2005-02-22,432.321
2005-02-23,431.066
2005-02-24,430.429
2005-02-25,434.864
2005-02-28,435.049
2005-03-01,438.362
2005-03-02,439.343
2005-03-03,437.327
2005-03-04,442.352
2005-03-07,442.809
2005-03-08,439.65
2005-03-09,437.56
2005-03-10,433.768
2005-03-11,436.049
2005-03-14,436.73
2005-03-15,438.769
2005-03-16,430.911
2005-03-17,431.592
2005-03-18,432.718
2005-03-21,429.636
2005-03-22,432.069
2005-03-23,431.72
2005-03-24,434.36
2005-03-25,434.36
2005-03-28,434.36
2005-03-29,435.189
2005-03-30,434.752
2005-03-31,434.877
2005-04-01,437.353
2005-04-04,434.139
2005-04-05,436.261
2005-04-06,437.918
2005-04-07,438.952
2005-04-08,440.068
2005-04-11,439.609
2005-04-12,437.212
2005-04-13,440.569
2005-04-14,440.205
2005-04-15,431.225
2005-04-18,420.22
2005-04-19,420.461
2005-04-20,417.862
2005-04-21,419.37
2005-04-22,422.304
2005-04-25,424.696
2005-04-26,423.376
2005-04-27,418.902
2005-04-28,417.81
2005-04-29,418.484
2005-05-02,422.402
2005-05-03,424.554
2005-05-04,426.435
2005-05-05,429.951
2005-05-06,431.106
2005-05-09,429.241
2005-05-10,425.113
2005-05-11,424.416
2005-05-12,426.705
2005-05-13,427.57
2005-05-16,426.218
2005-05-17,425.177
2005-05-18,432.46
2005-05-19,436.042
2005-05-20,436.068
2005-05-23,440.695
2005-05-24,439.664
2005-05-25,438.954
2005-05-26,443.66
2005-05-27,444.471
2005-05-30,448.043
2005-05-31,446.063
2005-06-01,452.717
2005-06-02,453.217
2005-06-03,451.039
2005-06-06,449.726
2005-06-07,456.601
2005-06-08,455.729
2005-06-09,456.275
2005-06-10,458.61
2005-06-13,459.921
2005-06-14,459.169
2005-06-15,454.842
2005-06-16,457.987
2005-06-17,460.457
2005-06-20,458.686
2005-06-21,460.811
2005-06-22,461.96
2005-06-23,462.748
2005-06-24,456.648
2005-06-27,452.382
2005-06-28,455.746
2005-06-29,458.363
2005-06-30,458.628
2005-07-01,461.707
2005-07-04,462.341
2005-07-05,460.365
2005-07-06,461.549
2005-07-07,453.018
2005-07-08,459.797
2005-07-11,466.338
2005-07-12,465.303
2005-07-13,467.989
2005-07-14,469.927
2005-07-15,471.29
2005-07-18,471.957
2005-07-19,477.054
2005-07-20,478.45
2005-07-21,482.987
2005-07-22,483.69
2005-07-25,484.27
2005-07-26,484.349
2005-07-27,485.535
2005-07-28,489.25
2005-07-29,488.65
2005-08-01,489.085
2005-08-02,493.287
2005-08-03,492.312
2005-08-04,487.406
2005-08-05,482.718
2005-08-08,483.786
2005-08-09,490.948
2005-08-10,499.057
2005-08-11,495.393
2005-08-12,493.733
2005-08-15,492.234
2005-08-16,488.381
2005-08-17,487.146
2005-08-18,485.127
2005-08-19,492.991
2005-08-22,494.169
2005-08-23,491.774
2005-08-24,491.595
2005-08-25,485.601
2005-08-26,478.38
2005-08-29,481.224
2005-08-30,479.172
2005-08-31,482.969
2005-09-01,484.294
2005-09-02,483.781
2005-09-05,490.989
2005-09-06,496.828
2005-09-07,498.814
2005-09-08,499.275
2005-09-09,500.593
2005-09-12,498.998
2005-09-13,490.188
2005-09-14,491.117
2005-09-15,490.598
2005-09-16,498.65
2005-09-19,492.613
2005-09-20,496.286
2005-09-21,487.522
2005-09-22,484.901
2005-09-23,488.258
2005-09-26,499.816
2005-09-27,496.588
2005-09-28,504.874
2005-09-29,502.117
2005-09-30,504.412
2005-10-03,508.207
2005-10-04,513.802
2005-10-05,506.942
2005-10-06,501.727
2005-10-07,500.777
2005-10-10,502.279
2005-10-11,503.246
2005-10-12,498.177
2005-10-13,495.007
2005-10-14,497.556
2005-10-17,497.883
2005-10-18,494.718
2005-10-19,484.598
2005-10-20,486.425
2005-10-21,483.84
2005-10-24,490.179
2005-10-25,487.297
2005-10-26,490.079
2005-10-27,480.605
2005-10-28,482.564
2005-10-31,492.907
2005-11-01,492.255
2005-11-02,495.483
2005-11-03,501.1
2005-11-04,499.524
2005-11-07,502.42
2005-11-08,500.883
2005-11-09,501.138
2005-11-10,501.555
2005-11-11,509.075
2005-11-14,509.243
2005-11-15,511.061
2005-11-16,508.146
2005-11-17,509.972
2005-11-18,512.35
2005-11-21,517.061
2005-11-22,517.472
2005-11-23,519.608
2005-11-24,518.798
2005-11-25,519.427
2005-11-28,517.659
2005-11-29,519.948
2005-11-30,519.34
2005-12-01,526.655
2005-12-02,530.799
2005-12-05,526.686
2005-12-06,530.085
2005-12-07,526.675
2005-12-08,528.675
2005-12-09,528.213
2005-12-12,530.121
2005-12-13,531.028
2005-12-14,528.676
2005-12-15,529.582
2005-12-16,535.366
2005-12-19,535.018
2005-12-20,535.66
2005-12-21,539.723
2005-12-22,539.828
2005-12-23,541.905
2005-12-26,541.905
2005-12-27,544.484
2005-12-28,544.715
2005-12-29,545.858
2005-12-30,540.826
2006-01-02,544.998
2006-01-03,546.068
2006-01-04,552.362
2006-01-05,551.653
2006-01-06,553.632
2006-01-09,553.711
2006-01-10,549.471
2006-01-11,553.289
2006-01-12,554.213
2006-01-13,548.309
2006-01-16,551.464
2006-01-17,546.016
2006-01-18,539.561
2006-01-19,543.084
2006-01-20,534.902
2006-01-23,534.872
2006-01-24,533.43
2006-01-25,542.709
2006-01-26,554.891
2006-01-27,564.742
2006-01-30,566.003
2006-01-31,567.415
2006-02-01,572.653
2006-02-02,564.96
2006-02-03,565.712
2006-02-06,566.678
2006-02-07,567.292
2006-02-08,566.641
2006-02-09,574.368
2006-02-10,570.147
2006-02-13,575.633
2006-02-14,576.34
2006-02-15,576.437
2006-02-16,578.925
2006-02-17,579.548
2006-02-20,579.395
2006-02-21,580.104
2006-02-22,586.206
2006-02-23,585.788
2006-02-24,587.079
2006-02-27,591.515
2006-02-28,579.604
2006-03-01,586.661
2006-03-02,578.349
2006-03-03,572.146
2006-03-06,575.406
2006-03-07,573.928
2006-03-08,567.336
2006-03-09,573.222
2006-03-10,580.492
2006-03-13,585.516
2006-03-14,587.088
2006-03-15,589.848
2006-03-16,589.779
2006-03-17,588.238
2006-03-20,590.279
2006-03-21,591.186
2006-03-22,593.231
2006-03-23,594.711
2006-03-24,597.314
2006-03-27,591.226
2006-03-28,589.063
2006-03-29,591.478
2006-03-30,598.419
2006-03-31,597.008
2006-04-03,602.405
2006-04-04,601.385
2006-04-05,602.92
2006-04-06,603.139
2006-04-07,595.292
2006-04-10,600.34
2006-04-11,590.847
2006-04-12,590.125
2006-04-13,591.857
2006-04-14,591.857
2006-04-17,591.857
2006-04-18,590.258
2006-04-19,599.376
2006-04-20,606.328
2006-04-21,609.475
2006-04-24,607.909
2006-04-25,607.88
2006-04-26,610.712
2006-04-27,606.774
2006-04-28,600.989
2006-05-01,600.989
2006-05-02,605.129
2006-05-03,596.896
2006-05-04,603.932
2006-05-05,611.329
2006-05-08,612.798
2006-05-09,614.072
2006-05-10,611.838
2006-05-11,605.472
2006-05-12,591.628
2006-05-15,585.703
2006-05-16,585.192
2006-05-17,565.272
2006-05-18,566.607
2006-05-19,567.228
2006-05-22,554.624
2006-05-23,567.849
2006-05-24,558.723
2006-05-25,570.606
2006-05-26,578.836
2006-05-29,575.502
2006-05-30,562.243
2006-05-31,569.286
2006-06-01,570.759
2006-06-02,568.704
2006-06-05,562.119
2006-06-06,550.281
2006-06-07,554.393
2006-06-08,538.328
2006-06-09,546.408
2006-06-12,539.555
2006-06-13,529.214
2006-06-14,530.599
2006-06-15,542.222
2006-06-16,537.601
2006-06-19,543.923
2006-06-20,549.361
2006-06-21,550.341
2006-06-22,553.342
2006-06-23,552.974
2006-06-26,551.463
2006-06-27,545.915
2006-06-28,545.687
2006-06-29,558.167
2006-06-30,568.331
2006-07-03,571.269
2006-07-04,572.901
2006-07-05,562.563
2006-07-06,569.547
2006-07-07,568.185
2006-07-10,570.632
2006-07-11,561.604
2006-07-12,563.782
2006-07-13,552.729
2006-07-14,542.222
2006-07-17,541.696
2006-07-18,539.685
2006-07-19,553.929
2006-07-20,554.582
2006-07-21,545.101
2006-07-24,557.805
2006-07-25,556.576
2006-07-26,558.31
2006-07-27,565.907
2006-07-28,570.542
2006-07-31,568.197
2006-08-01,559.674
2006-08-02,568.082
2006-08-03,564.003
2006-08-04,572.303
2006-08-07,562.667
2006-08-08,565.192
2006-08-09,570.281
2006-08-10,563.096
2006-08-11,562.837
2006-08-14,569.2
2006-08-15,577.68
2006-08-16,581.294
2006-08-17,583.351
2006-08-18,581.702
2006-08-21,579.483
2006-08-22,581.841
2006-08-23,577.554
2006-08-24,581.408
2006-08-25,581.147
2006-08-28,585.499
2006-08-29,584.702
2006-08-30,586.753
2006-08-31,585.957
2006-09-01,587.654
2006-09-04,590.972
2006-09-05,588.407
2006-09-06,581.306
2006-09-07,577.372
2006-09-08,579.526
2006-09-11,579.846
2006-09-12,587.385
2006-09-13,590.612
2006-09-14,590.737
2006-09-15,593.787
2006-09-18,592.633
2006-09-19,587.346
2006-09-20,595.438
2006-09-21,596.203
2006-09-22,588.332
2006-09-25,590.166
2006-09-26,596.063
2006-09-27,598.971
2006-09-28,598.916
2006-09-29,600.433
2006-10-02,599.946
2006-10-03,599.222
2006-10-04,604.637
2006-10-05,607.528
2006-10-06,608.582
2006-10-09,608.44
2006-10-10,611.771
2006-10-11,611.945
2006-10-12,616.028
2006-10-13,617.368
2006-10-16,618.654
2006-10-17,611.51
2006-10-18,618.278
2006-10-19,617.742
2006-10-20,620.282
2006-10-23,624.291
2006-10-24,624.752
2006-10-25,626.492
2006-10-26,628.419
2006-10-27,626.254
2006-10-30,625.819
2006-10-31,626.892
2006-11-01,629.19
2006-11-02,622.333
2006-11-03,624.115
2006-11-06,633.065
2006-11-07,636.196
2006-11-08,634.926
2006-11-09,635.868
2006-11-10,635.777
2006-11-13,639.373
2006-11-14,638.738
2006-11-15,643.089
2006-11-16,644.302
2006-11-17,641.236
2006-11-20,645.233
2006-11-21,646.039
2006-11-22,647.613
2006-11-23,647.525
2006-11-24,641.196
2006-11-27,629.817
2006-11-28,628.168
2006-11-29,636.38
2006-11-30,630.919
2006-12-01,624.113
2006-12-04,629.523
2006-12-05,637.28
2006-12-06,636.951
2006-12-07,641.303
2006-12-08,642.741
2006-12-11,646.942
2006-12-12,647.617
2006-12-13,652.077
2006-12-14,655.258
2006-12-15,658.883
2006-12-18,659.725
2006-12-19,655.351
2006-12-20,658.691
2006-12-21,657.396
2006-12-22,650.313
2006-12-25,650.313
2006-12-26,650.313
2006-12-27,660.886
2006-12-28,661.181
2006-12-29,659.692
2007-01-01,659.692
2007-01-02,668.113
2007-01-03,669.132
2007-01-04,667.44
2007-01-05,659.309
2007-01-08,660.759
2007-01-09,661.437
2007-01-10,656.656
2007-01-11,668.73
2007-01-12,670.517
2007-01-15,673.174
2007-01-16,671.682
2007-01-17,670.17
2007-01-18,668.962
2007-01-19,674.717
2007-01-22,668.731
2007-01-23,667.893
2007-01-24,674.837
2007-01-25,671.958
2007-01-26,669.034
2007-01-29,672.601
2007-01-30,678.823
2007-01-31,678.911
2007-02-01,685.128
2007-02-02,688.576
2007-02-05,687.406
2007-02-06,687.57
2007-02-07,691.556
2007-02-08,687.673
2007-02-09,691.111
2007-02-12,685.945
2007-02-13,689.534
2007-02-14,696.118
2007-02-15,695.862
2007-02-16,695.707
2007-02-19,698.708
2007-02-20,698.291
2007-02-21,694.166
2007-02-22,697.373
2007-02-23,699.258
2007-02-26,702.759
2007-02-27,681.965
2007-02-28,671.544
2007-03-01,664.024
2007-03-02,660.332
2007-03-05,653.457
2007-03-06,659.5
2007-03-07,661.775
2007-03-08,671.323
2007-03-09,671.652
2007-03-12,671.549
2007-03-13,662.399
2007-03-14,644.77
2007-03-15,658.547
2007-03-16,657.987
2007-03-19,667.141
2007-03-20,670.029
2007-03-21,671.206
2007-03-22,685.696
2007-03-23,689.906
2007-03-26,682.882
2007-03-27,685.834
2007-03-28,681.689
2007-03-29,689.708
2007-03-30,691.703
2007-04-02,693.717
2007-04-03,704.556
2007-04-04,707.391
2007-04-05,709.991
2007-04-06,709.991
2007-04-09,709.991
2007-04-10,716.667
2007-04-11,715.283
2007-04-12,714.295
2007-04-13,721.207
2007-04-16,733.806
2007-04-17,734.883
2007-04-18,728.234
2007-04-19,724.273
2007-04-20,734.254
2007-04-23,733.562
2007-04-24,727.032
2007-04-25,734.308
2007-04-26,738.702
2007-04-27,737.812
2007-04-30,740.887
2007-05-01,740.887
2007-05-02,745.593
2007-05-03,747.669
2007-05-04,751.676
2007-05-07,752.569
2007-05-08,744.22
2007-05-09,747.599
2007-05-10,741.533
2007-05-11,747.934
2007-05-14,745.961
2007-05-15,750.535
2007-05-16,748.125
2007-05-17,749.95
2007-05-18,760.754
2007-05-21,761.931
2007-05-22,765.939
2007-05-23,773.588
2007-05-24,769.738
2007-05-25,773.92
2007-05-28,773.92
2007-05-29,778.104
2007-05-30,776.497
2007-05-31,788.304
2007-06-01,798.785
2007-06-04,797.679
2007-06-05,791.983
2007-06-06,773.005
2007-06-07,761.861
2007-06-08,759.05
2007-06-11,770.61
2007-06-12,767.826
2007-06-13,768.076
2007-06-14,784.916
2007-06-15,803.064
2007-06-18,803.612
2007-06-19,803.352
2007-06-20,809.049
2007-06-21,796.471
2007-06-22,794.963
2007-06-25,793.061
2007-06-26,786.052
2007-06-27,780.123
2007-06-28,792.136
2007-06-29,800.732
2007-07-02,795.824
2007-07-03,805.068
2007-07-04,807.526
2007-07-05,798.713
2007-07-06,804.832
2007-07-09,807.739
2007-07-10,796.476
2007-07-11,789.854
2007-07-12,805.343
2007-07-13,809.277
2007-07-16,810.569
2007-07-17,803.821
2007-07-18,789.361
2007-07-19,799.121
2007-07-20,787.485
2007-07-23,794.421
2007-07-24,780.679
2007-07-25,769.255
2007-07-26,750.896
2007-07-27,745.168
2007-07-30,745.631
2007-07-31,758.414
2007-08-01,747.393
2007-08-02,753.413
2007-08-03,743.567
2007-08-06,744.445
2007-08-07,751.366
2007-08-08,760.594
2007-08-09,745.359
2007-08-10,734.326
2007-08-13,747.433
2007-08-14,742.507
2007-08-15,744.59
2007-08-16,727.007
2007-08-17,737.829
2007-08-20,740.753
2007-08-21,742.475
2007-08-22,750.048
2007-08-23,751.196
2007-08-24,750.727
2007-08-27,748.599
2007-08-28,743.024
2007-08-29,743.918
2007-08-30,751.994
2007-08-31,763.817
2007-09-03,764.858
2007-09-04,772.177
2007-09-05,758.803
2007-09-06,762.172
2007-09-07,743.663
2007-09-10,737.544
2007-09-11,745.79
2007-09-12,747.299
2007-09-13,753.597
2007-09-14,749.774
2007-09-17,747.985
2007-09-18,757.521
2007-09-19,775.084
2007-09-20,773.509
2007-09-21,779.443
2007-09-24,778.792
2007-09-25,776.944
2007-09-26,780.415
2007-09-27,785.379
2007-09-28,786.151
2007-10-01,792.242
2007-10-02,794.679
2007-10-03,795.53
2007-10-04,794.499
2007-10-05,800.218
2007-10-08,797.437
2007-10-09,798.044
2007-10-10,798.657
2007-10-11,803.369
2007-10-12,804.126
2007-10-15,796.947
2007-10-16,796.264
2007-10-17,798.541
2007-10-18,792.14
2007-10-19,788.412
2007-10-22,779.494
2007-10-23,784.279
2007-10-24,782.896
2007-10-25,793.244
2007-10-26,794.917
2007-10-29,800.967
2007-10-30,797.794
2007-10-31,801.922
2007-11-01,788.085
2007-11-02,784.949
2007-11-05,780.755
2007-11-06,782.719
2007-11-07,779.962
2007-11-08,781.947
2007-11-09,781.24
2007-11-12,780.684
2007-11-13,777.756
2007-11-14,778.311
2007-11-15,766.703
2007-11-16,761.226
2007-11-19,751.197
2007-11-20,763.031
2007-11-21,751.842
2007-11-22,756.21
2007-11-23,760.896
2007-11-26,756.736
2007-11-27,753.135
2007-11-28,772.366
2007-11-29,776.519
2007-11-30,787.052
2007-12-03,783.726
2007-12-04,780.894
2007-12-05,794.477
2007-12-06,794.058
2007-12-07,799.407
2007-12-10,803.336
2007-12-11,800.942
2007-12-12,807.612
2007-12-13,792.831
2007-12-14,794.836
2007-12-17,782.544
2007-12-18,785.074
2007-12-19,783.732
2007-12-20,786.919
2007-12-21,800.267
2007-12-24,800.267
2007-12-25,800.267
2007-12-26,800.267
2007-12-27,803.86
2007-12-28,806.732
2007-12-31,806.732
2008-01-01,806.732
2008-01-02,794.911
2008-01-03,790.841
2008-01-04,780.869
2008-01-07,781.717
2008-01-08,784.999
2008-01-09,778.271
2008-01-10,771.309
2008-01-11,771.795
2008-01-14,773.202
2008-01-15,756.638
2008-01-16,747.157
2008-01-17,741.353
2008-01-18,731.417
2008-01-21,679.019
2008-01-22,676.947
2008-01-23,643.921
2008-01-24,682.107
2008-01-25,681.674
2008-01-28,681.885
2008-01-29,689.296
2008-01-30,687.535
2008-01-31,685.175
2008-02-01,696.867
2008-02-04,700.049
2008-02-05,676.525
2008-02-06,684.751
2008-02-07,673.372
2008-02-08,676.728
2008-02-11,674.354
2008-02-12,696.784
2008-02-13,697.367
2008-02-14,696.228
2008-02-15,683.243
2008-02-18,696.755
2008-02-19,700.229
2008-02-20,689.968
2008-02-21,690.485
2008-02-22,680.629
2008-02-25,688.256
2008-02-26,698.597
2008-02-27,699.785
2008-02-28,686.252
2008-02-29,674.813
2008-03-03,668.995
2008-03-04,654.504
2008-03-05,668.371
2008-03-06,659.131
2008-03-07,651.399
2008-03-10,644.808
2008-03-11,652.457
2008-03-12,659.937
2008-03-13,650.056
2008-03-14,645.19
2008-03-17,618.23
2008-03-18,639.339
2008-03-19,636.122
2008-03-20,631.999
2008-03-21,631.999
2008-03-24,631.999
2008-03-25,652.471
2008-03-26,648.926
2008-03-27,657.806
2008-03-28,655.99
2008-03-31,653.497
2008-04-01,672.033
2008-04-02,677.744
2008-04-03,674.172
2008-04-04,676.339
2008-04-07,682.103
2008-04-08,677.198
2008-04-09,672.136
2008-04-10,670.432
2008-04-11,660.357
2008-04-14,655.449
2008-04-15,658.505
2008-04-16,670.284
2008-04-17,668.181
2008-04-18,684.308
2008-04-21,678.655
2008-04-22,672.83
2008-04-23,679.503
2008-04-24,682.132
2008-04-25,689.658
2008-04-28,692.533
2008-04-29,688.534
2008-04-30,694.882
2008-05-01,694.882
2008-05-02,704.323
2008-05-05,705.208
2008-05-06,701.71
2008-05-07,707.625
2008-05-08,707.19
2008-05-09,700.317
2008-05-12,703.595
2008-05-13,706.019
2008-05-14,708.324
2008-05-15,708.105
2008-05-16,715.655
2008-05-19,722.594
2008-05-20,711.85
2008-05-21,704.083
2008-05-22,707.033
2008-05-23,694.405
2008-05-26,695.384
2008-05-27,695.866
2008-05-28,703.384
2008-05-29,705.503
2008-05-30,709.679
2008-06-02,700.877
2008-06-03,701.913
2008-06-04,696.543
2008-06-05,694.183
2008-06-06,680.381
2008-06-09,681.563
2008-06-10,677.11
2008-06-11,665.026
2008-06-12,671.452
2008-06-13,676.532
2008-06-16,672.988
2008-06-17,679.616
2008-06-18,672.891
2008-06-19,672.117
2008-06-20,657.844
2008-06-23,658.946
2008-06-24,653.606
2008-06-25,661.784
2008-06-26,645.96
2008-06-27,642.191
2008-06-30,641.832
2008-07-01,631.594
2008-07-02,630.542
2008-07-03,635.374
2008-07-04,627.221
2008-07-07,639.575
2008-07-08,630.441
2008-07-09,638.646
2008-07-10,630.5
2008-07-11,615.33
2008-07-14,620.025
2008-07-15,608.17
2008-07-16,615.537
2008-07-17,627.127
2008-07-18,638.265
2008-07-21,642.484
2008-07-22,644.279
2008-07-23,653.609
2008-07-24,644.07
2008-07-25,643.671
2008-07-28,635.115
2008-07-29,639.88
2008-07-30,646.012
2008-07-31,647.956
2008-08-01,639.646
2008-08-04,634.981
2008-08-05,651.87
2008-08-06,656.139
2008-08-07,654.349
2008-08-08,656.165
2008-08-11,660.963
2008-08-12,658.587
2008-08-13,642.219
2008-08-14,644.221
2008-08-15,644.602
2008-08-18,643.288
2008-08-19,628.243
2008-08-20,631.78
2008-08-21,623.696
2008-08-22,634.242
2008-08-25,629.695
2008-08-26,634.052
2008-08-27,632.103
2008-08-28,642.054
2008-08-29,642.23
2008-09-01,642.18
2008-09-02,651.847
2008-09-03,646.749
2008-09-04,627.957
2008-09-05,612.744
2008-09-08,626.374
2008-09-09,623.341
2008-09-10,621.032
2008-09-11,617.89
2008-09-12,623.489
2008-09-15,606.416
2008-09-16,596.517
2008-09-17,586.098
2008-09-18,586.342
2008-09-19,618.953
2008-09-22,610.775
2008-09-23,606.853
2008-09-24,605.287
2008-09-25,617.303
2008-09-26,606.35
2008-09-29,580.708
2008-09-30,583.102
2008-10-01,580.633
2008-10-02,566.063
2008-10-03,579.703
2008-10-06,538.701
2008-10-07,532.663
2008-10-08,501.362
2008-10-09,488.7
2008-10-10,454.431
2008-10-13,506.245
2008-10-14,519.919
2008-10-15,486.163
2008-10-16,462.281
2008-10-17,478.133
2008-10-20,483.501
2008-10-21,478.441
2008-10-22,457.107
2008-10-23,451.97
2008-10-24,429.567
2008-10-27,433.464
2008-10-28,482.345
2008-10-29,480.869
2008-10-30,486.93
2008-10-31,498.797
2008-11-03,502.684
2008-11-04,527.804
2008-11-05,516.687
2008-11-06,481.357
2008-11-07,493.846
2008-11-10,502.553
2008-11-11,476.158
2008-11-12,462.08
2008-11-13,464.952
2008-11-14,471.024
2008-11-17,455.727
2008-11-18,457.947
2008-11-19,435.409
2008-11-20,422.02
2008-11-21,412.741
2008-11-24,455.433
2008-11-25,456.042
2008-11-26,456.05
2008-11-27,466.527
2008-11-28,466.944
2008-12-01,439.479
2008-12-02,453.179
2008-12-03,456.724
2008-12-04,456.423
2008-12-05,438.147
2008-12-08,471.588
2008-12-09,477.911
2008-12-10,480.488
2008-12-11,476.72
2008-12-12,466.337
2008-12-15,465.482
2008-12-16,472.991
2008-12-17,470.838
2008-12-18,475.64
2008-12-19,469.67
2008-12-22,463.902
2008-12-23,462.938
2008-12-24,462.938
2008-12-25,462.938
2008-12-26,462.938
2008-12-29,470.486
2008-12-30,481.02
2008-12-31,481.02
2009-01-01,481.02
2009-01-02,497.307
2009-01-05,498.399
2009-01-06,502.631
2009-01-07,493.747
2009-01-08,487.991
2009-01-09,478.389
2009-01-12,471.962
2009-01-13,463.694
2009-01-14,442.235
2009-01-15,433.673
2009-01-16,436.628
2009-01-19,431.614
2009-01-20,423.985
2009-01-21,426.115
2009-01-22,421.942
2009-01-23,417.894
2009-01-26,432.687
2009-01-27,432.342
2009-01-28,451.872
2009-01-29,442.811
2009-01-30,433.835
2009-02-02,427.104
2009-02-03,437.496
2009-02-04,449.279
2009-02-05,451.049
2009-02-06,464.463
2009-02-09,466.682
2009-02-10,450.554
2009-02-11,453.009
2009-02-12,440.756
2009-02-13,441.339
2009-02-16,436.664
2009-02-17,421.66
2009-02-18,420.496
2009-02-19,421.521
2009-02-20,401.466
2009-02-23,393.645
2009-02-24,389.575
2009-02-25,384.621
2009-02-26,394.262
2009-02-27,384.374
2009-03-02,371.007
2009-03-03,369.072
2009-03-04,389.094
2009-03-05,369.549
2009-03-06,366.641
2009-03-09,369.203
2009-03-10,388.698
2009-03-11,391.41
2009-03-12,395.622
2009-03-13,395.36
2009-03-16,404.454
2009-03-17,398.777
2009-03-18,399.632
2009-03-19,404.346
2009-03-20,406.874
2009-03-23,417.637
2009-03-24,418.736
2009-03-25,422.329
2009-03-26,425.937
2009-03-27,420.355
2009-03-30,398.923
2009-03-31,408.476
2009-04-01,413.107
2009-04-02,438.192
2009-04-03,438.499
2009-04-06,434.981
2009-04-07,432.25
2009-04-08,435.792
2009-04-09,449.112
2009-04-10,449.112
2009-04-13,449.112
2009-04-14,455.701
2009-04-15,454.979
2009-04-16,460.946
2009-04-17,467.684
2009-04-20,448.63
2009-04-21,450.163
2009-04-22,459.442
2009-04-23,453.821
2009-04-24,467.432
2009-04-27,469.407
2009-04-28,460.742
2009-04-29,470.456
2009-04-30,476.945
2009-05-01,476.945
2009-05-04,490.245
2009-05-05,485.303
2009-05-06,488.071
2009-05-07,480.41
2009-05-08,491.39
2009-05-11,486.691
2009-05-12,485.411
2009-05-13,472.761
2009-05-14,473.847
2009-05-15,473.75
2009-05-18,485.196
2009-05-19,495.962
2009-05-20,503.894
2009-05-21,490.067
2009-05-22,491.875
2009-05-25,491.845
2009-05-26,498.56
2009-05-27,500.077
2009-05-28,493.288
2009-05-29,494.082
2009-06-01,514.256
2009-06-02,514.406
2009-06-03,505.453
2009-06-04,506.48
2009-06-05,507.703
2009-06-08,500.472
2009-06-09,499.786
2009-06-10,505.118
2009-06-11,510.726
2009-06-12,506.924
2009-06-15,488.994
2009-06-16,489.072
2009-06-17,479.998
2009-06-18,483.748
2009-06-19,483.946
2009-06-22,469.34
2009-06-23,470.715
2009-06-24,483.601
2009-06-25,480.056
2009-06-26,477.647
2009-06-29,488.509
2009-06-30,480.864
2009-07-01,490.544
2009-07-02,471.849
2009-07-03,470.821
2009-07-06,465.182
2009-07-07,459.819
2009-07-08,457.265
2009-07-09,463.007
2009-07-10,457.631
2009-07-13,472.234
2009-07-14,478.169
2009-07-15,492.844
2009-07-16,495.719
2009-07-17,497.84
2009-07-20,503.015
2009-07-21,509.397
2009-07-22,512.156
2009-07-23,524.728
2009-07-24,522.936
2009-07-27,525.155
2009-07-28,517.474
2009-07-29,527.032
2009-07-30,536.066
2009-07-31,533.214
2009-08-03,542.685
2009-08-04,541.702
2009-08-05,535.301
2009-08-06,536.998
2009-08-07,545.896
2009-08-10,541.812
2009-08-11,528.581
2009-08-12,535.009
2009-08-13,540.111
2009-08-14,530.911
2009-08-17,520.161
2009-08-18,525.074
2009-08-19,523.198
2009-08-20,531.106
2009-08-21,546.274
2009-08-24,551.975
2009-08-25,555.709
2009-08-26,552.197
2009-08-27,547.033
2009-08-28,551.735
2009-08-31,546.461
2009-09-01,532.729
2009-09-02,531.984
2009-09-03,530.142
2009-09-04,538.443
2009-09-07,546.351
2009-09-08,548.173
2009-09-09,557.426
2009-09-10,559.477
2009-09-11,562.402
2009-09-14,562.024
2009-09-15,562.898
2009-09-16,570.026
2009-09-17,573.114
2009-09-18,570.383
2009-09-21,566.865
2009-09-22,570.938
2009-09-23,570.205
2009-09-24,560.521
2009-09-25,558.141
2009-09-28,573.631
2009-09-29,571.352
2009-09-30,567.516
2009-10-01,555.455
2009-10-02,546.79
2009-10-05,550.885
2009-10-06,565.764
2009-10-07,564.075
2009-10-08,571.654
2009-10-09,571.188
2009-10-12,578.323
2009-10-13,571.431
2009-10-14,585.414
2009-10-15,583.077
2009-10-16,574.339
2009-10-19,585.256
2009-10-20,581.177
2009-10-21,583.349
2009-10-22,576.293
2009-10-23,574.025
2009-10-26,564.216
2009-10-27,563.502
2009-10-28,549.627
2009-10-29,558.745
2009-10-30,541.496
2009-11-02,543.082
2009-11-03,535.335
2009-11-04,544.423
2009-11-05,548.092
2009-11-06,548.825
2009-11-09,561.972
2009-11-10,561.32
2009-11-11,566.835
2009-11-12,566.396
2009-11-13,568.683
2009-11-16,580.482
2009-11-17,577.843
2009-11-18,578.761
2009-11-19,570.218
2009-11-20,566.315
2009-11-23,580.148
2009-11-24,576.931
2009-11-25,580.302
2009-11-26,561.417
2009-11-27,568.561
2009-11-30,562.595
2009-12-01,577.661
2009-12-02,578.168
2009-12-03,577.035
2009-12-04,581.765
2009-12-07,578.475
2009-12-08,568.858
2009-12-09,564.784
2009-12-10,570.902
2009-12-11,575.629
2009-12-14,580.226
2009-12-15,581.134
2009-12-16,590.343
2009-12-17,584.444
2009-12-18,583.121
2009-12-21,593.053
2009-12-22,594.569
2009-12-23,595.744
2009-12-24,595.744
2009-12-25,595.744
2009-12-28,600.292
2009-12-29,601.155
2009-12-30,595.743
2009-12-31,595.743
2010-01-01,595.743
2010-01-04,604.83
2010-01-05,603.186
2010-01-06,603.433
2010-01-07,601.936
2010-01-08,603.761
2010-01-11,604.05
2010-01-12,594.3
2010-01-13,596.314
2010-01-14,598.888
2010-01-15,587.597
2010-01-18,591.855
2010-01-19,597.648
2010-01-20,585.153
2010-01-21,574.697
2010-01-22,569.532
2010-01-25,563.137
2010-01-26,566.893
2010-01-27,564.32
2010-01-28,554.033
2010-01-29,560.879
2010-02-01,565.448
2010-02-02,570.966
2010-02-03,567.209
2010-02-04,553.324
2010-02-05,543.434
2010-02-08,548.485
2010-02-09,549.826
2010-02-10,553.637
2010-02-11,550.393
2010-02-12,550.039
2010-02-15,551.11
2010-02-16,559.212
2010-02-17,564.834
2010-02-18,568.041
2010-02-19,572.205
2010-02-22,568.844
2010-02-23,560.407
2010-02-24,561.551
2010-02-25,553.233
2010-02-26,559.846
2010-03-01,571.351
2010-03-02,577.656
2010-03-03,581.788
2010-03-04,579.532
2010-03-05,587.736
2010-03-08,587.591
2010-03-09,588.589
2010-03-10,593.672
2010-03-11,592.863
2010-03-12,594.511
2010-03-15,590.356
2010-03-16,597.099
2010-03-17,602.428
2010-03-18,601.231
2010-03-19,598.243
2010-03-22,598.75
2010-03-23,601.727
2010-03-24,603.9
2010-03-25,613.295
2010-03-26,612.005
2010-03-29,615.685
2010-03-30,614.245
2010-03-31,615.355
2010-04-01,623.556
2010-04-02,623.556
2010-04-05,623.556
2010-04-06,625.221
2010-04-07,622.241
2010-04-08,617.183
2010-04-09,624.97
2010-04-12,625.069
2010-04-13,623.083
2010-04-14,627.84
2010-04-15,629.145
2010-04-16,618.09
2010-04-19,616.244
2010-04-20,626.423
2010-04-21,623.038
2010-04-22,616.872
2010-04-23,625.953
2010-04-26,633.21
2010-04-27,615.951
2010-04-28,608.434
2010-04-29,614.491
2010-04-30,613.57
2010-05-03,616.692
2010-05-04,600.686
2010-05-05,595.845
2010-05-06,590.826
2010-05-07,571.509
2010-05-10,601.791
2010-05-11,603.771
2010-05-12,618.349
2010-05-13,625.197
2010-05-14,605.671
2010-05-17,606.692
2010-05-18,615.593
2010-05-19,598.867
2010-05-20,586.788
2010-05-21,582.925
2010-05-24,580.568
2010-05-25,567.004
2010-05-26,575.802
2010-05-27,593.714
2010-05-28,594.618
2010-05-31,596.433
2010-06-01,598.127
2010-06-02,598.12
2010-06-03,605.463
2010-06-04,593.888
2010-06-07,590.495
2010-06-08,586.855
2010-06-09,598.475
2010-06-10,605.659
2010-06-11,604.783
2010-06-14,612.5
2010-06-15,617.505
2010-06-16,619.091
2010-06-17,622.354
2010-06-18,621.698
2010-06-21,629.297
2010-06-22,626.904
2010-06-23,620.452
2010-06-24,611.548
2010-06-25,607.06
2010-06-28,615.722
2010-06-29,595.203
2010-06-30,596.552
2010-07-01,585.743
2010-07-02,583.415
2010-07-05,581.62
2010-07-06,594.098
2010-07-07,599.286
2010-07-08,603.566
2010-07-09,606.524
2010-07-12,607.719
2010-07-13,619.113
2010-07-14,620.976
2010-07-15,614.936
2010-07-16,604.027
2010-07-19,600.911
2010-07-20,596.749
2010-07-21,599.038
2010-07-22,614.215
2010-07-23,616.634
2010-07-26,619.421
2010-07-27,620.731
2010-07-28,617.894
2010-07-29,613.47
2010-07-30,614.797
2010-08-02,629.213
2010-08-03,630.791
2010-08-04,633.133
2010-08-05,633.358
2010-08-06,625.963
2010-08-09,635.16
2010-08-10,628.625
2010-08-11,615.407
2010-08-12,613.517
2010-08-13,611.041
2010-08-16,611.057
2010-08-17,620.64
2010-08-18,618.631
2010-08-19,607.513
2010-08-20,600.516
2010-08-23,601.091
2010-08-24,593.544
2010-08-25,589.95
2010-08-26,591.258
2010-08-27,595.117
2010-08-30,591.241
2010-08-31,592.522
2010-09-01,608.39
2010-09-02,608.385
2010-09-03,613.462
2010-09-06,615.504
2010-09-07,611.789
2010-09-08,616.444
2010-09-09,622.152
2010-09-10,621.477
2010-09-13,626.168
2010-09-14,627.541
2010-09-15,626.187
2010-09-16,624.965
2010-09-17,620.976
2010-09-20,629.458
2010-09-21,627.598
2010-09-22,620.833
2010-09-23,618.471
2010-09-24,629.83
2010-09-27,627.889
2010-09-28,627.609
2010-09-29,624.692
2010-09-30,622.902
2010-10-01,621.134
2010-10-04,613.421
2010-10-05,621.583
2010-10-06,627.073
2010-10-07,627.625
2010-10-08,629.167
2010-10-11,630.951
2010-10-12,630.457
2010-10-13,643.452
2010-10-14,645.527
2010-10-15,649.23
2010-10-18,651.663
2010-10-19,649.069
2010-10-20,652.455
2010-10-21,661.101
2010-10-22,660.584
2010-10-25,663.921
2010-10-26,661.38
2010-10-27,656.8
2010-10-28,659.528
2010-10-29,660.137
2010-11-01,660.486
2010-11-02,665.431
2010-11-03,661.78
2010-11-04,673.469
2010-11-05,675.42
2010-11-08,675.05
2010-11-09,678.781
2010-11-10,671.984
2010-11-11,672.341
2010-11-12,673.461
2010-11-15,679.017
2010-11-16,666.324
2010-11-17,670.007
2010-11-18,683.211
2010-11-19,684.355
2010-11-22,682.205
2010-11-23,670.5
2010-11-24,682.38
2010-11-25,687.966
2010-11-26,684.898
2010-11-29,669.797
2010-11-30,668.849
2010-12-01,686.663
2010-12-02,695.761
2010-12-03,694.772
2010-12-06,695.438
2010-12-07,700.191
2010-12-08,697.587
2010-12-09,696.416
2010-12-10,700.617
2010-12-13,702.939
2010-12-14,702.74
2010-12-15,701.637
2010-12-16,702.44
2010-12-17,698.245
2010-12-20,701.86
2010-12-21,707.799
2010-12-22,706.792
2010-12-23,705.769
2010-12-24,705.769
2010-12-27,697.073
2010-12-28,697.21
2010-12-29,699.547
2010-12-30,691.419
2010-12-31,691.419
2011-01-03,698.974
2011-01-04,697.535
2011-01-05,693.982
2011-01-06,698.139
2011-01-07,694.784
2011-01-10,685.706
2011-01-11,694.157
2011-01-12,706.878
2011-01-13,707.511
2011-01-14,707.57
2011-01-17,707.806
2011-01-18,714.345
2011-01-19,708.276
2011-01-20,702.427
2011-01-21,706.242
2011-01-24,706.777
2011-01-25,705.901
2011-01-26,712.735
2011-01-27,715.558
2011-01-28,710.28
2011-01-31,707.748
2011-02-01,718.427
2011-02-02,718.367
2011-02-03,719.368
2011-02-04,721.621
2011-02-07,728.362
2011-02-08,732.324
2011-02-09,732.09
2011-02-10,734.028
2011-02-11,737.12
2011-02-14,739.663
2011-02-15,740.004
2011-02-16,741.43
2011-02-17,740.551
2011-02-18,742.681
2011-02-21,732.181
2011-02-22,731.835
2011-02-23,719.46
2011-02-24,713.05
2011-02-25,718.517
2011-02-28,727.232
2011-03-01,722.33
2011-03-02,718.112
2011-03-03,722.596
2011-03-04,717.89
2011-03-07,716.193
2011-03-08,716.475
2011-03-09,713.18
2011-03-10,706.309
2011-03-11,698.149
2011-03-14,686.663
2011-03-15,664.766
2011-03-16,651.384
2011-03-17,665.688
2011-03-18,666.44
2011-03-21,681.612
2011-03-22,678.097
2011-03-23,680.445
2011-03-24,693.358
2011-03-25,694.636
2011-03-28,693.863
2011-03-29,693.444
2011-03-30,705.715
2011-03-31,704.131
2011-04-01,717.981
2011-04-04,717.533
2011-04-05,717.531
2011-04-06,721.511
2011-04-07,717.878
2011-04-08,721.702
2011-04-11,720.486
2011-04-12,710.291
2011-04-13,717.797
2011-04-14,714.656
2011-04-15,717.829
2011-04-18,702.685
2011-04-19,703.931
2011-04-20,724.919
2011-04-21,729.549
2011-04-22,729.549
2011-04-25,729.549
2011-04-26,735.651
2011-04-27,740.495
2011-04-28,747.522
2011-04-29,751.446
2011-05-02,752.764
2011-05-03,750.07
2011-05-04,737.393
2011-05-05,737.696
2011-05-06,749.225
2011-05-09,741.052
2011-05-10,750.152
2011-05-11,749.505
2011-05-12,744.395
2011-05-13,740.331
2011-05-16,738.754
2011-05-17,725.665
2011-05-18,730.353
2011-05-19,735.823
2011-05-20,726.682
2011-05-23,712.152
2011-05-24,715.066
2011-05-25,717.094
2011-05-26,711.409
2011-05-27,716.347
2011-05-30,716.03
2011-05-31,729.369
2011-06-01,721.743
2011-06-02,707.412
2011-06-03,710.903
2011-06-06,708.457
2011-06-07,710.325
2011-06-08,706.023
2011-06-09,715.966
2011-06-10,706.99
2011-06-13,708.514
2011-06-14,720.479
2011-06-15,711.508
2011-06-16,711.02
2011-06-17,716.405
2011-06-20,715.021
2011-06-21,728.551
2011-06-22,727.819
2011-06-23,714.944
2011-06-24,712.138
2011-06-27,710.79
2011-06-28,717.043
2011-06-29,729.414
2011-06-30,737.624
2011-07-01,741.944
2011-07-04,744.296
2011-07-05,743.944
2011-07-06,743.119
2011-07-07,747.144
2011-07-08,740.273
2011-07-11,723.025
2011-07-12,717.414
2011-07-13,726.787
2011-07-14,721.474
2011-07-15,722.012
2011-07-18,710.792
2011-07-19,719.267
2011-07-20,722.136
2011-07-21,729.014
2011-07-22,732.639
2011-07-25,734.454
2011-07-26,734.945
2011-07-27,725.268
2011-07-28,719.006
2011-07-29,715.877
2011-08-01,695.398
2011-08-02,679.675
2011-08-03,664.059
2011-08-04,641.476
2011-08-05,623.616
2011-08-08,592.327
2011-08-09,591.708
2011-08-10,561.342
2011-08-11,579.766
2011-08-12,599.774
2011-08-15,602.224
2011-08-16,599.49
2011-08-17,594.894
2011-08-18,560.28
2011-08-19,548.0
2011-08-22,547.378
2011-08-23,553.238
2011-08-24,568.108
2011-08-25,558.414
2011-08-26,553.748
2011-08-29,567.007
2011-08-30,564.392
2011-08-31,578.485
2011-09-01,573.063
2011-09-02,553.833
2011-09-05,524.618
2011-09-06,519.397
2011-09-07,540.553
2011-09-08,540.846
2011-09-09,518.993
2011-09-12,507.233
2011-09-13,516.636
2011-09-14,534.019
2011-09-15,550.824
2011-09-16,557.351
2011-09-19,541.591
2011-09-20,557.168
2011-09-21,543.38
2011-09-22,516.421
2011-09-23,519.656
2011-09-26,534.556
2011-09-27,562.844
2011-09-28,557.842
2011-09-29,563.958
2011-09-30,550.202
2011-10-03,537.67
2011-10-04,521.671
2011-10-05,547.303
2011-10-06,564.525
2011-10-07,567.57
2011-10-10,584.729
2011-10-11,586.501
2011-10-12,599.447
2011-10-13,591.484
2011-10-14,596.72
2011-10-17,585.943
2011-10-18,587.741
2011-10-19,591.353
2011-10-20,576.648
2011-10-21,597.096
2011-10-24,605.527
2011-10-25,604.675
2011-10-26,601.607
2011-10-27,633.784
2011-10-28,634.619
2011-10-31,614.134
2011-11-01,583.451
2011-11-02,596.563
2011-11-03,613.318
2011-11-04,596.616
2011-11-07,592.868
2011-11-08,596.144
2011-11-09,582.954
2011-11-10,586.781
2011-11-11,605.703
2011-11-14,598.502
2011-11-15,593.314
2011-11-16,591.336
2011-11-17,585.017
2011-11-18,580.024
2011-11-21,560.6
2011-11-22,553.739
2011-11-23,545.777
2011-11-24,542.811
2011-11-25,549.287
2011-11-28,574.533
2011-11-29,579.991
2011-11-30,608.884
2011-12-01,603.588
2011-12-02,608.068
2011-12-05,610.609
2011-12-06,602.882
2011-12-07,599.473
2011-12-08,587.444
2011-12-09,598.671
2011-12-12,578.543
2011-12-13,577.426
2011-12-14,567.514
2011-12-15,573.062
2011-12-16,570.178
2011-12-19,567.071
2011-12-20,584.703
2011-12-21,579.153
2011-12-22,585.218
2011-12-23,587.893
2011-12-26,587.893
2011-12-27,588.976
2011-12-28,577.127
2011-12-29,584.878
2011-12-30,589.835
2012-01-02,607.552
2012-01-03,616.657
2012-01-04,611.155
2012-01-05,609.599
2012-01-06,605.792
2012-01-09,601.723
2012-01-10,616.298
2012-01-11,615.234
2012-01-12,617.921
2012-01-13,614.308
2012-01-16,622.001
2012-01-17,633.293
2012-01-18,635.457
2012-01-19,641.626
2012-01-20,640.439
2012-01-23,643.662
2012-01-24,641.922
2012-01-25,642.185
2012-01-26,653.985
2012-01-27,651.198
2012-01-30,644.445
2012-01-31,645.891
2012-02-01,661.664
2012-02-02,665.563
2012-02-03,676.667
2012-02-06,676.483
2012-02-07,675.42
2012-02-08,674.876
2012-02-09,678.88
2012-02-10,669.296
2012-02-13,673.847
2012-02-14,672.819
2012-02-15,675.794
2012-02-16,675.196
2012-02-17,684.803
2012-02-20,694.825
2012-02-21,690.818
2012-02-22,684.387
2012-02-23,680.946
2012-02-24,686.443
2012-02-27,684.96
2012-02-28,688.763
2012-02-29,685.608
2012-03-01,694.177
2012-03-02,692.137
2012-03-05,686.646
2012-03-06,663.311
2012-03-07,667.111
2012-03-08,683.454
2012-03-09,688.021
2012-03-12,690.135
2012-03-13,699.591
2012-03-14,707.942
2012-03-15,714.445
2012-03-16,715.782
2012-03-19,715.422
2012-03-20,705.494
2012-03-21,707.132
2012-03-22,698.126
2012-03-23,699.562
2012-03-26,707.923
2012-03-27,707.89
2012-03-28,699.88
2012-03-29,687.515
2012-03-30,694.683
2012-04-02,705.665
2012-04-03,698.228
2012-04-04,678.406
2012-04-05,677.526
2012-04-06,677.526
2012-04-09,677.526
2012-04-10,660.643
2012-04-11,667.473
2012-04-12,674.324
2012-04-13,658.39
2012-04-16,662.519
2012-04-17,680.1
2012-04-18,673.203
2012-04-19,667.122
2012-04-20,675.012
2012-04-23,652.3
2012-04-24,659.041
2012-04-25,670.45
2012-04-26,673.99
2012-04-27,680.132
2012-04-30,676.119
2012-05-01,676.119
2012-05-02,671.077
2012-05-03,669.444
2012-05-04,656.147
2012-05-07,656.948
2012-05-08,644.474
2012-05-09,647.531
2012-05-10,651.8
2012-05-11,657.993
2012-05-14,645.197
2012-05-15,640.106
2012-05-16,638.426
2012-05-17,630.896
2012-05-18,627.122
2012-05-21,633.104
2012-05-22,643.56
2012-05-23,628.575
2012-05-24,631.589
2012-05-25,633.994
2012-05-28,632.319
2012-05-29,639.684
2012-05-30,628.08
2012-05-31,626.438
2012-06-01,605.029
2012-06-04,597.823
2012-06-05,596.94
2012-06-06,609.399
2012-06-07,614.422
2012-06-08,613.082
2012-06-11,614.105
2012-06-12,616.124
2012-06-13,615.249
2012-06-14,613.861
2012-06-15,622.941
2012-06-18,624.82
2012-06-19,636.336
2012-06-20,639.213
2012-06-21,634.313
2012-06-22,626.325
2012-06-25,613.239
2012-06-26,613.669
2012-06-27,622.899
2012-06-28,614.991
2012-06-29,641.628
2012-07-02,649.608
2012-07-03,657.821
2012-07-04,656.48
2012-07-05,653.556
2012-07-06,641.011
2012-07-09,638.757
2012-07-10,643.833
2012-07-11,645.385
2012-07-12,641.935
2012-07-13,655.71
2012-07-16,656.572
2012-07-17,657.764
2012-07-18,668.442
2012-07-19,675.839
2012-07-20,663.002
2012-07-23,641.933
2012-07-24,639.041
2012-07-25,640.652
2012-07-26,658.296
2012-07-27,668.94
2012-07-30,677.406
2012-07-31,677.226
2012-08-01,675.446
2012-08-02,660.609
2012-08-03,686.566
2012-08-06,691.872
2012-08-07,696.795
2012-08-08,696.615
2012-08-09,696.499
2012-08-10,694.456
2012-08-13,690.968
2012-08-14,697.439
2012-08-15,694.68
2012-08-16,699.629
2012-08-17,704.088
2012-08-20,703.368
2012-08-21,708.932
2012-08-22,701.775
2012-08-23,694.957
2012-08-24,697.107
2012-08-27,704.745
2012-08-28,700.268
2012-08-29,701.057
2012-08-30,689.549
2012-08-31,697.079
2012-09-03,701.483
2012-09-04,693.258
2012-09-05,696.469
2012-09-06,716.733
2012-09-07,721.45
2012-09-10,721.37
2012-09-11,731.011
2012-09-12,734.353
2012-09-13,731.032
2012-09-14,741.213
2012-09-17,740.369
2012-09-18,734.769
2012-09-19,739.076
2012-09-20,738.949
2012-09-21,745.162
2012-09-24,741.316
2012-09-25,742.511
2012-09-26,727.651
2012-09-27,729.002
2012-09-28,721.615
2012-10-01,732.673
2012-10-02,730.586
2012-10-03,732.208
2012-10-04,730.521
2012-10-05,739.787
2012-10-08,729.121
2012-10-09,723.453
2012-10-10,720.523
2012-10-11,728.17
2012-10-12,723.249
2012-10-15,726.125
2012-10-16,737.627
2012-10-17,739.455
2012-10-18,743.723
2012-10-19,738.064
2012-10-22,732.805
2012-10-23,717.369
2012-10-24,719.285
2012-10-25,720.023
2012-10-26,723.185
2012-10-29,720.316
2012-10-30,728.44
2012-10-31,726.063
2012-11-01,733.567
2012-11-02,736.385
2012-11-05,732.647
2012-11-06,737.776
2012-11-07,723.283
2012-11-08,720.496
2012-11-09,716.35
2012-11-12,716.876
2012-11-13,716.912
2012-11-14,710.192
2012-11-15,704.342
2012-11-16,695.053
2012-11-19,712.384
2012-11-20,717.299
2012-11-21,718.471
2012-11-22,724.499
2012-11-23,730.913
2012-11-26,729.203
2012-11-27,733.233
2012-11-28,734.341
2012-11-29,740.096
2012-11-30,740.55
2012-12-03,743.521
2012-12-04,743.512
2012-12-05,745.455
2012-12-06,753.454
2012-12-07,751.78
2012-12-10,753.092
2012-12-11,758.975
2012-12-12,761.479
2012-12-13,758.198
2012-12-14,759.647
2012-12-17,760.494
2012-12-18,765.358
2012-12-19,766.85
2012-12-20,767.21
2012-12-21,763.623
2012-12-24,763.623
2012-12-25,763.623
2012-12-26,763.623
2012-12-27,765.588
2012-12-28,761.239
2012-12-31,761.239
2013-01-01,761.239
2013-01-02,777.878
2013-01-03,775.644
2013-01-04,777.637
2013-01-07,773.266
2013-01-08,769.583
2013-01-09,772.047
2013-01-10,770.847
2013-01-11,771.553
2013-01-14,772.952
2013-01-15,767.591
2013-01-16,769.113
2013-01-17,773.546
2013-01-18,770.223
2013-01-21,774.886
2013-01-22,769.621
2013-01-23,770.754
2013-01-24,774.813
2013-01-25,785.797
2013-01-28,783.3
2013-01-29,784.857
2013-01-30,781.131
2013-01-31,777.605
2013-02-01,783.339
2013-02-04,763.823
2013-02-05,766.466
2013-02-06,758.118
2013-02-07,759.085
2013-02-08,765.214
2013-02-11,763.374
2013-02-12,766.019
2013-02-13,771.189
2013-02-14,763.119
2013-02-15,759.351
2013-02-18,762.873
2013-02-19,775.245
2013-02-20,772.89
2013-02-21,758.357
2013-02-22,766.191
2013-02-25,777.319
2013-02-26,759.711
2013-02-27,767.583
2013-02-28,774.17
2013-03-01,770.816
2013-03-04,769.168
2013-03-05,787.031
2013-03-06,791.933
2013-03-07,793.977
2013-03-08,798.647
2013-03-11,798.429
2013-03-12,796.612
2013-03-13,797.091
2013-03-14,805.837
2013-03-15,804.285
2013-03-18,801.07
2013-03-19,794.779
2013-03-20,800.197
2013-03-21,793.251
2013-03-22,791.135
2013-03-25,787.09
2013-03-26,787.967
2013-03-27,778.909
2013-03-28,779.531
2013-03-29,779.531
2013-04-01,779.531
2013-04-02,794.387
2013-04-03,787.475
2013-04-04,781.739
2013-04-05,765.875
2013-04-08,766.264
2013-04-09,763.751
2013-04-10,781.063
2013-04-11,787.163
2013-04-12,774.477
2013-04-15,771.263
2013-04-16,768.258
2013-04-17,750.303
2013-04-18,747.373
2013-04-19,745.996
2013-04-22,747.811
2013-04-23,765.821
2013-04-24,775.903
2013-04-25,783.286
2013-04-26,781.476
2013-04-29,787.35
2013-04-30,791.371
2013-05-01,791.371
2013-05-02,796.171
2013-05-03,812.229
2013-05-06,811.208
2013-05-07,818.178
2013-05-08,824.971
2013-05-09,826.255
2013-05-10,827.859
2013-05-13,827.929
2013-05-14,833.911
2013-05-15,836.242
2013-05-16,836.987
2013-05-17,839.8
2013-05-20,845.583
2013-05-21,847.22
2013-05-22,853.089
2013-05-23,835.198
2013-05-24,830.532
2013-05-27,838.33
2013-05-28,848.087
2013-05-29,833.658
2013-05-30,840.02
2013-05-31,834.884
2013-06-03,828.58
2013-06-04,829.596
2013-06-05,819.618
2013-06-06,809.881
2013-06-07,825.468
2013-06-10,830.769
2013-06-11,822.246
2013-06-12,814.327
2013-06-13,809.539
2013-06-14,812.796
2013-06-17,821.573
2013-06-18,822.951
2013-06-19,819.708
2013-06-20,792.848
2013-06-21,778.924
2013-06-24,769.245
2013-06-25,781.13
2013-06-26,794.099
2013-06-27,799.075
2013-06-28,795.922
2013-07-01,798.392
2013-07-02,791.077
2013-07-03,782.932
2013-07-04,799.431
2013-07-05,780.6
2013-07-08,796.854
2013-07-09,805.775
2013-07-10,806.648
2013-07-11,815.88
2013-07-12,821.277
2013-07-15,823.481
2013-07-16,820.105
2013-07-17,825.472
2013-07-18,833.709
2013-07-19,833.157
2013-07-22,833.106
2013-07-23,831.423
2013-07-24,837.911
2013-07-25,829.898
2013-07-26,824.491
2013-07-29,825.903
2013-07-30,827.102
2013-07-31,827.597
2013-08-01,841.073
2013-08-02,840.694
2013-08-05,839.838
2013-08-06,829.973
2013-08-07,826.048
2013-08-08,831.832
2013-08-09,833.831
2013-08-12,835.925
2013-08-13,841.576
2013-08-14,843.812
2013-08-15,837.629
2013-08-16,839.194
2013-08-19,836.629
2013-08-20,830.003
2013-08-21,828.541
2013-08-22,839.789
2013-08-23,841.699
2013-08-26,843.515
2013-08-27,824.256
2013-08-28,815.79
2013-08-29,819.455
2013-08-30,810.315
2013-09-02,824.387
2013-09-03,818.071
2013-09-04,819.592
2013-09-05,823.498
2013-09-06,827.567
2013-09-09,827.632
2013-09-10,844.654
2013-09-11,849.573
2013-09-12,849.4
2013-09-13,850.942
2013-09-16,861.3
2013-09-17,859.695
2013-09-18,863.606
2013-09-19,869.418
2013-09-20,867.573
2013-09-23,863.529
2013-09-24,866.46
2013-09-25,866.563
2013-09-26,866.41
2013-09-27,866.151
2013-09-30,859.44
2013-10-01,868.914
2013-10-02,862.942
2013-10-03,859.791
2013-10-04,862.297
2013-10-07,859.158
2013-10-08,855.589
2013-10-09,851.669
2013-10-10,868.577
2013-10-11,872.483
2013-10-14,872.381
2013-10-15,880.444
2013-10-16,884.6
2013-10-17,881.198
2013-10-18,886.51
2013-10-21,886.722
2013-10-22,894.746
2013-10-23,891.986
2013-10-24,898.063
2013-10-25,898.574
2013-10-28,897.865
2013-10-29,902.204
2013-10-30,901.027
2013-10-31,903.392
2013-11-01,900.783
2013-11-04,903.723
2013-11-05,900.911
2013-11-06,904.087
2013-11-07,908.103
2013-11-08,907.828
2013-11-11,910.786
2013-11-12,907.648
2013-11-13,905.483
2013-11-14,914.966
2013-11-15,916.869
2013-11-18,922.543
2013-11-19,919.329
2013-11-20,920.207
2013-11-21,919.608
2013-11-22,921.904
2013-11-25,929.995
2013-11-26,929.007
2013-11-27,935.113
2013-11-28,938.737
2013-11-29,940.53
2013-12-02,940.196
2013-12-03,922.34
2013-12-04,914.063
2013-12-05,908.495
2013-12-06,917.241
2013-12-09,919.517
2013-12-10,911.444
2013-12-11,907.711
2013-12-12,901.7
2013-12-13,900.646
2013-12-16,916.356
2013-12-17,908.512
2013-12-18,918.175
2013-12-19,933.574
2013-12-20,940.018
2013-12-23,948.882
2013-12-24,948.882
2013-12-25,948.882
2013-12-26,948.882
2013-12-27,958.939
2013-12-30,955.216
2013-12-31,955.216
2014-01-01,955.216
2014-01-02,940.004
2014-01-03,943.515
2014-01-06,942.8
2014-01-07,950.62
2014-01-08,949.784
2014-01-09,942.161
2014-01-10,947.324
2014-01-13,951.017
2014-01-14,954.051
2014-01-15,973.381
2014-01-16,971.771
2014-01-17,974.296
2014-01-20,971.59
2014-01-21,973.012
2014-01-22,972.011
2014-01-23,963.104
2014-01-24,939.202
2014-01-27,934.922
2014-01-28,940.691
2014-01-29,933.673
2014-01-30,937.348
2014-01-31,930.648
2014-02-03,918.652
2014-02-04,912.791
2014-02-05,911.632
2014-02-06,925.658
2014-02-07,930.192
2014-02-10,928.986
2014-02-11,947.877
2014-02-12,954.0
2014-02-13,959.677
2014-02-14,966.24
2014-02-17,965.676
2014-02-18,965.978
2014-02-19,966.005
2014-02-20,961.885
2014-02-21,965.695
2014-02-24,970.894
2014-02-25,969.935
2014-02-26,966.173
2014-02-27,958.833
2014-02-28,969.208
2014-03-03,935.889
2014-03-04,958.915
2014-03-05,954.202
2014-03-06,954.287
2014-03-07,935.075
2014-03-10,926.55
2014-03-11,930.779
2014-03-12,918.869
2014-03-13,901.779
2014-03-14,905.641
2014-03-17,918.089
2014-03-18,924.255
2014-03-19,927.705
2014-03-20,929.612
2014-03-21,934.294
2014-03-24,918.877
2014-03-25,933.84
2014-03-26,944.858
2014-03-27,945.121
2014-03-28,958.719
2014-03-31,955.591
2014-04-01,960.371
2014-04-02,962.336
2014-04-03,962.882
2014-04-04,969.577
2014-04-07,951.085
2014-04-08,949.079
2014-04-09,950.635
2014-04-10,945.454
2014-04-11,931.529
2014-04-14,933.917
2014-04-15,917.371
2014-04-16,931.782
2014-04-17,940.971
2014-04-18,940.971
2014-04-21,940.971
2014-04-22,960.009
2014-04-23,954.419
2014-04-24,954.868
2014-04-25,940.155
2014-04-28,944.636
2014-04-29,958.412
2014-04-30,960.323
2014-05-01,960.323
2014-05-02,955.602
2014-05-05,952.95
2014-05-06,946.753
2014-05-07,952.13
2014-05-08,960.74
2014-05-09,958.145
2014-05-12,970.246
2014-05-13,975.443
2014-05-14,975.439
2014-05-15,965.605
2014-05-16,962.91
2014-05-19,965.939
2014-05-20,963.908
2014-05-21,969.787
2014-05-22,972.091
2014-05-23,976.801
2014-05-26,989.282
2014-05-27,994.082
2014-05-28,993.917
2014-05-29,993.89
2014-05-30,994.327
2014-06-02,995.012
2014-06-03,991.974
2014-06-04,992.667
2014-06-05,994.783
2014-06-06,998.719
2014-06-09,1000.863
2014-06-10,1002.88
2014-06-11,994.981
2014-06-12,993.87
2014-06-13,991.287
2014-06-16,988.398
2014-06-17,992.032
2014-06-18,993.033
2014-06-19,1000.4
2014-06-20,998.724
2014-06-23,992.092
2014-06-24,993.808
2014-06-25,986.775
2014-06-26,980.49
2014-06-27,981.517
2014-06-30,983.307
2014-07-01,990.241
2014-07-02,991.127
2014-07-03,1002.943
2014-07-04,1000.908
2014-07-07,990.607
2014-07-08,977.267
2014-07-09,980.82
2014-07-10,965.913
2014-07-11,966.634
2014-07-14,978.301
2014-07-15,971.941
2014-07-16,985.927
2014-07-17,975.388
2014-07-18,972.002
2014-07-21,961.205
2014-07-22,973.433
2014-07-23,975.356
2014-07-24,979.406
2014-07-25,964.401
2014-07-28,959.817
2014-07-29,965.363
2014-07-30,959.368
2014-07-31,940.748
2014-08-01,921.008
2014-08-04,915.414
2014-08-05,918.974
2014-08-06,913.004
2014-08-07,903.897
2014-08-08,900.932
2014-08-11,918.074
2014-08-12,906.947
2014-08-13,919.888
2014-08-14,922.51
2014-08-15,909.26
2014-08-18,924.533
2014-08-19,933.428
2014-08-20,931.457
2014-08-21,940.153
2014-08-22,933.917
2014-08-25,951.014
2014-08-26,958.815
2014-08-27,956.971
2014-08-28,946.256
2014-08-29,947.017
2014-09-01,947.903
2014-09-02,950.702
2014-09-03,962.649
2014-09-04,972.426
2014-09-05,974.702
2014-09-08,975.803
2014-09-09,971.07
2014-09-10,970.017
2014-09-11,969.128
2014-09-12,965.113
2014-09-15,965.963
2014-09-16,963.293
2014-09-17,966.15
2014-09-18,979.813
2014-09-19,979.926
2014-09-22,974.954
2014-09-23,959.503
2014-09-24,966.197
2014-09-25,951.001
2014-09-26,949.055
2014-09-29,942.291
2014-09-30,947.43
2014-10-01,938.203
2014-10-02,919.568
2014-10-03,919.568
2014-10-06,920.951
2014-10-07,908.621
2014-10-08,899.533
2014-10-09,900.502
2014-10-10,878.881
2014-10-13,881.243
2014-10-14,882.521
2014-10-15,857.195
2014-10-16,858.29
2014-10-17,885.027
2014-10-20,871.776
2014-10-21,888.696
2014-10-22,894.014
2014-10-23,904.731
2014-10-24,898.78
2014-10-27,890.261
2014-10-28,906.819
2014-10-29,908.281
2014-10-30,911.484
2014-10-31,932.687
2014-11-03,925.17
2014-11-04,916.647
2014-11-05,931.548
2014-11-06,937.741
2014-11-07,929.183
2014-11-10,935.187
2014-11-11,936.903
2014-11-12,921.096
2014-11-13,924.851
2014-11-14,925.294
2014-11-17,930.635
2014-11-18,945.653
2014-11-19,947.28
2014-11-20,948.397
2014-11-21,973.255
2014-11-24,978.554
2014-11-25,986.121
2014-11-26,991.556
2014-11-27,997.487
2014-11-28,998.085
2014-12-01,996.351
2014-12-02,993.408
2014-12-03,997.179
2014-12-04,985.135
2014-12-05,1008.712
2014-12-08,1001.499
2014-12-09,979.371
2014-12-10,979.973
2014-12-11,986.253
2014-12-12,959.473
2014-12-15,933.401
2014-12-16,956.389
2014-12-17,954.443
2014-12-18,981.106
2014-12-19,978.696
2014-12-22,986.576
2014-12-23,992.211
2014-12-24,992.211
2014-12-25,992.211
2014-12-26,992.211
2014-12-29,992.713
2014-12-30,980.555
2014-12-31,980.555
2015-01-01,980.555
2015-01-02,976.473
2015-01-05,947.316
2015-01-06,946.966
2015-01-07,951.818
2015-01-08,983.761
2015-01-09,964.85
2015-01-12,978.19
2015-01-13,994.1
2015-01-14,981.708
2015-01-15,1003.261
2015-01-16,1016.777
2015-01-19,1024.235
2015-01-20,1025.713
2015-01-21,1029.923
2015-01-22,1043.562
2015-01-23,1064.958
2015-01-26,1079.833
2015-01-27,1062.858
2015-01-28,1071.097
2015-01-29,1073.787
2015-01-30,1069.432
2015-02-02,1082.801
2015-02-03,1089.095
2015-02-04,1091.132
2015-02-05,1090.541
2015-02-06,1084.639
2015-02-09,1066.351
2015-02-10,1075.383
2015-02-11,1075.211
2015-02-12,1091.965
2015-02-13,1096.34
2015-02-16,1092.323
2015-02-17,1089.562
2015-02-18,1096.1
2015-02-19,1100.194
2015-02-20,1105.064
2015-02-23,1113.092
2015-02-24,1120.574
2015-02-25,1121.027
2015-02-26,1132.719
2015-02-27,1140.166
2015-03-02,1141.036
2015-03-03,1128.036
2015-03-04,1139.038
2015-03-05,1150.401
2015-03-06,1155.097
2015-03-09,1158.211
2015-03-10,1150.038
2015-03-11,1180.599
2015-03-12,1179.939
2015-03-13,1190.161
2015-03-16,1216.772
2015-03-17,1198.085
2015-03-18,1192.277
2015-03-19,1189.94
2015-03-20,1203.937
2015-03-23,1189.584
2015-03-24,1200.569
2015-03-25,1186.532
2015-03-26,1184.368
2015-03-27,1186.833
2015-03-30,1208.601
2015-03-31,1196.617
2015-04-01,1200.138
2015-04-02,1196.739
2015-04-03,1196.739
2015-04-06,1196.739
2015-04-07,1212.352
2015-04-08,1203.586
2015-04-09,1216.644
2015-04-10,1237.473
2015-04-13,1233.873
2015-04-14,1222.76
2015-04-15,1223.134
2015-04-16,1199.886
2015-04-17,1168.87
2015-04-20,1189.191
2015-04-21,1193.958
2015-04-22,1186.737
2015-04-23,1172.358
2015-04-24,1181.085
2015-04-27,1203.916
2015-04-28,1181.166
2015-04-29,1143.272
2015-04-30,1145.438
2015-05-01,1145.438
2015-05-04,1161.985
2015-05-05,1132.768
2015-05-06,1135.015
2015-05-07,1140.797
2015-05-08,1170.973
2015-05-11,1167.335
2015-05-12,1147.241
2015-05-13,1135.146
2015-05-14,1155.982
2015-05-15,1144.703
2015-05-18,1159.428
2015-05-19,1185.333
2015-05-20,1184.847
2015-05-21,1186.459
2015-05-22,1181.501
2015-05-25,1181.501
2015-05-26,1162.513
2015-05-27,1177.113
2015-05-28,1167.757
2015-05-29,1141.382
2015-06-01,1143.605
2015-06-02,1132.88
2015-06-03,1141.962
2015-06-04,1134.06
2015-06-05,1119.715
2015-06-08,1106.492
2015-06-09,1100.129
2015-06-10,1126.539
2015-06-11,1133.278
2015-06-12,1119.649
2015-06-15,1098.497
2015-06-16,1104.401
2015-06-17,1097.801
2015-06-18,1110.03
2015-06-19,1104.01
2015-06-22,1146.05
2015-06-23,1154.254
2015-06-24,1147.126
2015-06-25,1147.313
2015-06-26,1149.243
2015-06-29,1108.32
2015-06-30,1094.497
2015-07-01,1118.05
2015-07-02,1109.935
2015-07-03,1105.839
2015-07-06,1089.063
2015-07-07,1067.678
2015-07-08,1074.73
2015-07-09,1099.641
2015-07-10,1131.563
2015-07-13,1148.438
2015-07-14,1151.69
2015-07-15,1153.966
2015-07-16,1171.676
2015-07-17,1167.342
2015-07-20,1173.572
2015-07-21,1160.48
2015-07-22,1152.067
2015-07-23,1151.211
2015-07-24,1134.745
2015-07-27,1105.64
2015-07-28,1117.391
2015-07-29,1121.185
2015-07-30,1125.715
2015-07-31,1130.899
2015-08-03,1144.372
2015-08-04,1145.607
2015-08-05,1163.63
2015-08-06,1158.51
2015-08-07,1149.083
2015-08-10,1160.478
2015-08-11,1129.365
2015-08-12,1092.461
2015-08-13,1101.463
2015-08-14,1098.514
2015-08-17,1094.033
2015-08-18,1091.592
2015-08-19,1068.215
2015-08-20,1043.219
2015-08-21,1012.452
2015-08-24,964.843
2015-08-25,1012.812
2015-08-26,999.743
2015-08-27,1031.562
2015-08-28,1029.853
2015-08-31,1025.946
2015-09-01,1001.557
2015-09-02,1004.805
2015-09-03,1031.784
2015-09-04,1003.804
2015-09-07,1010.861
2015-09-08,1027.136
2015-09-09,1030.312
2015-09-10,1021.044
2015-09-11,1012.356
2015-09-14,1013.174
2015-09-15,1018.813
2015-09-16,1022.721
2015-09-17,1022.958
2015-09-18,991.616
2015-09-21,994.851
2015-09-22,957.066
2015-09-23,961.262
2015-09-24,942.764
2015-09-25,968.853
2015-09-28,948.355
2015-09-29,945.04
2015-09-30,966.044
2015-10-01,950.925
2015-10-02,955.307
2015-10-05,981.479
2015-10-06,990.283
2015-10-07,997.04
2015-10-08,999.307
2015-10-09,1009.66
2015-10-12,1011.983
2015-10-13,1003.282
2015-10-14,991.585
2015-10-15,1006.48
2015-10-16,1010.443
2015-10-19,1016.431
2015-10-20,1014.768
2015-10-21,1023.81
2015-10-22,1049.197
2015-10-23,1079.454
2015-10-26,1080.134
2015-10-27,1069.219
2015-10-28,1083.196
2015-10-29,1080.084
2015-10-30,1085.014
2015-11-02,1095.067
2015-11-03,1095.115
2015-11-04,1084.524
2015-11-05,1088.774
2015-11-06,1098.803
2015-11-09,1081.545
2015-11-10,1083.252
2015-11-11,1090.787
2015-11-12,1078.263
2015-11-13,1070.84
2015-11-16,1071.323
2015-11-17,1097.104
2015-11-18,1095.995
2015-11-19,1108.544
2015-11-20,1111.983
2015-11-23,1109.231
2015-11-24,1093.399
2015-11-25,1116.954
2015-11-26,1132.077
2015-11-27,1129.376
2015-11-30,1138.223
2015-12-01,1126.124
2015-12-02,1119.002
2015-12-03,1078.924
2015-12-04,1075.21
2015-12-07,1088.609
2015-12-08,1067.36
2015-12-09,1059.249
2015-12-10,1059.893
2015-12-11,1034.006
2015-12-14,1013.934
2015-12-15,1045.038
2015-12-16,1046.926
2015-12-17,1073.812
2015-12-18,1060.819
2015-12-21,1049.777
2015-12-22,1048.875
2015-12-23,1072.764
2015-12-24,1072.764
2015-12-25,1072.764
2015-12-28,1065.391
2015-12-29,1086.014
2015-12-30,1074.301
2015-12-31,1074.301
2016-01-01,1074.301
2016-01-04,1028.344
2016-01-05,1031.01
2016-01-06,1021.402
2016-01-07,997.985
2016-01-08,984.934
2016-01-11,982.507
2016-01-12,998.543
2016-01-13,996.096
2016-01-14,979.42
2016-01-15,954.527
2016-01-18,952.185
2016-01-19,966.421
2016-01-20,939.164
2016-01-21,957.416
2016-01-22,976.488
2016-01-25,973.615
2016-01-26,982.275
2016-01-27,988.082
2016-01-28,963.959
2016-01-29,979.811
2016-02-01,975.788
2016-02-02,958.104
2016-02-03,943.482
2016-02-04,939.336
2016-02-05,928.623
2016-02-08,897.936
2016-02-09,887.94
2016-02-10,901.729
2016-02-11,875.287
2016-02-12,896.751
2016-02-15,920.684
2016-02-16,913.511
2016-02-17,937.721
2016-02-18,946.364
2016-02-19,938.805
2016-02-22,957.359
2016-02-23,941.677
2016-02-24,916.78
2016-02-25,933.148
2016-02-26,951.33
2016-02-29,949.54
2016-03-01,971.716
2016-03-02,977.662
2016-03-03,975.192
2016-03-04,982.417
2016-03-07,977.893
2016-03-08,969.282
2016-03-09,972.309
2016-03-10,949.815
2016-03-11,983.113
2016-03-14,999.026
2016-03-15,993.385
2016-03-16,998.341
2016-03-17,989.22
2016-03-18,995.08
2016-03-21,994.864
2016-03-22,999.0
2016-03-23,1002.293
2016-03-24,985.135
2016-03-25,985.135
2016-03-28,985.135
2016-03-29,988.794
2016-03-30,1004.661
2016-03-31,996.551
2016-04-01,979.464
2016-04-04,982.208
2016-04-05,956.336
2016-04-06,962.451
2016-04-07,953.062
2016-04-08,962.226
2016-04-11,968.299
2016-04-12,976.147
2016-04-13,1002.61
2016-04-14,1009.365
2016-04-15,1005.157
2016-04-18,1012.031
2016-04-19,1034.959
2016-04-20,1042.129
2016-04-21,1043.573
2016-04-22,1037.349
2016-04-25,1029.435
2016-04-26,1025.959
2016-04-27,1029.983
2016-04-28,1032.115
2016-04-29,1003.897
2016-05-02,1012.327
2016-05-03,992.677
2016-05-04,982.825
2016-05-05,985.186
2016-05-06,986.995
2016-05-09,998.049
2016-05-10,1004.544
2016-05-11,997.532
2016-05-12,986.212
2016-05-13,995.29
2016-05-16,995.29
2016-05-17,989.019
2016-05-18,994.323
2016-05-19,979.589
2016-05-20,991.602
2016-05-23,984.229
2016-05-24,1005.731
2016-05-25,1020.521
2016-05-26,1027.271
2016-05-27,1028.631
2016-05-30,1033.323
2016-05-31,1026.274
2016-06-01,1020.444
2016-06-02,1020.8
2016-06-03,1010.326
2016-06-06,1012.108
2016-06-07,1028.768
2016-06-08,1021.703
2016-06-09,1008.887
2016-06-10,983.462
2016-06-13,965.744
2016-06-14,951.92
2016-06-15,960.671
2016-06-16,955.047
2016-06-17,963.136
2016-06-20,996.202
2016-06-21,1001.554
2016-06-22,1007.106
2016-06-23,1025.703
2016-06-24,955.716
2016-06-27,926.866
2016-06-28,946.91
